date,open,high,low,close,volume,amount
2018-01-02,3314.03,3349.05,3314.03,3348.32,202278861,227788460032.0
2018-01-03,3347.74,3379.92,3345.29,3369.11,213836150,258366521344.0
2018-01-04,3371.0,3392.83,3365.29,3385.71,206955287,243090767872.0
2018-01-05,3386.46,3402.07,3380.25,3391.75,213060682,248187842560.0
2018-01-08,3391.55,3412.73,3384.56,3409.48,236165107,286213218304.0
2018-01-09,3406.11,3417.23,3403.59,3413.9,191488550,238249975808.0
2018-01-10,3414.11,3430.21,3398.84,3421.83,209094996,254515441664.0
2018-01-11,3415.58,3426.48,3405.64,3425.34,173812132,218414133248.0
2018-01-12,3423.88,3435.42,3417.98,3428.94,174063404,215961456640.0
2018-01-15,3428.95,3442.5,3402.31,3410.49,232009283,286362734592.0
2018-01-16,3403.47,3437.58,3401.96,3436.59,211475469,266578817024.0
2018-01-17,3438.58,3465.2,3430.51,3444.67,261045030,316532678656.0
2018-01-18,3449.88,3476.55,3448.79,3474.75,220039555,267692642304.0
2018-01-19,3481.62,3498.43,3474.29,3487.86,247536732,294189072384.0
2018-01-22,3476.99,3503.39,3475.67,3501.36,217487534,261295714304.0
2018-01-23,3504.34,3547.22,3504.34,3546.5,238705905,282091888640.0
2018-01-24,3553.48,3569.49,3527.11,3559.47,252954496,307629215744.0
2018-01-25,3555.17,3571.48,3528.03,3548.31,243413422,287989534720.0
2018-01-26,3535.49,3574.9,3534.2,3558.13,222698296,258149515264.0
2018-01-29,3563.64,3587.03,3510.27,3523.0,236026964,285417005056.0
2018-01-30,3511.5,3523.05,3484.66,3488.01,186369976,224681693184.0
2018-01-31,3470.51,3495.45,3454.73,3480.83,207253404,242657959936.0
2018-02-01,3478.67,3495.09,3424.42,3446.98,260504707,292882255872.0
2018-02-02,3419.22,3463.16,3388.86,3462.08,208120550,236278755328.0
2018-02-05,3411.67,3487.72,3406.24,3487.5,217673754,252198768640.0
2018-02-06,3418.01,3440.12,3364.22,3370.65,280555476,318818541568.0
2018-02-07,3412.74,3425.54,3304.01,3309.26,260939715,295264428032.0
2018-02-08,3281.04,3307.16,3225.71,3262.05,201262500,222348685312.0
2018-02-09,3172.85,3180.11,3062.74,3129.85,256389176,272095088640.0
2018-02-12,3128.37,3168.12,3113.6,3154.12,153310830,171003183104.0
2018-02-13,3176.11,3219.22,3176.11,3184.96,151527598,172045205504.0
2018-02-14,3188.25,3203.5,3171.38,3199.16,100322826,114552201216.0
2018-02-22,3237.57,3269.92,3234.11,3268.56,138730445,157303881728.0
2018-02-23,3275.43,3294.13,3258.49,3289.02,145790369,159502516224.0
2018-02-26,3307.29,3335.99,3281.61,3329.57,188568602,213333037056.0
2018-02-27,3328.67,3328.67,3284.63,3292.07,174219369,204394381312.0
2018-02-28,3264.06,3277.83,3239.84,3259.41,151043535,180233814016.0
2018-03-01,3235.09,3280.15,3228.58,3273.75,159098319,185277784064.0
2018-03-02,3248.45,3269.94,3242.27,3254.53,150861064,178602991616.0
2018-03-05,3255.87,3269.4,3236.72,3256.93,144835988,174148636672.0
2018-03-06,3266.49,3290.25,3243.65,3289.64,195358047,224381788160.0
2018-03-07,3288.86,3308.41,3264.76,3271.67,168665019,193489334272.0
2018-03-08,3268.35,3289.5,3261.55,3288.41,149827520,175895392256.0
2018-03-09,3291.43,3309.72,3283.56,3307.17,168424509,202349182976.0
2018-03-12,3319.21,3333.56,3313.55,3326.7,206532436,247894175744.0
2018-03-13,3324.12,3333.88,3307.38,3310.24,177114353,202375118848.0
2018-03-14,3298.67,3304.98,3287.35,3291.38,157491085,183457632256.0
2018-03-15,3277.51,3297.1,3273.2,3291.11,148573606,179516616704.0
2018-03-16,3290.21,3300.56,3269.28,3269.88,141203648,167761534976.0
2018-03-19,3264.93,3280.57,3251.05,3279.25,137954980,169772208128.0
2018-03-20,3257.22,3292.57,3252.43,3290.64,139881080,166979883008.0
2018-03-21,3299.73,3314.21,3268.88,3280.95,168398277,208617684992.0
2018-03-22,3281.26,3288.8,3242.76,3263.48,150432978,184471728128.0
2018-03-23,3172.77,3188.24,3110.66,3152.76,275532014,293405065216.0
2018-03-26,3117.32,3134.27,3091.46,3133.72,186366351,215910260736.0
2018-03-27,3164.8,3172.78,3143.57,3166.65,189073382,227085086720.0
2018-03-28,3130.57,3165.21,3117.53,3122.29,163500488,208617852928.0
2018-03-29,3127.26,3174.51,3098.25,3160.53,170312384,210920222720.0
2018-03-30,3161.78,3177.72,3152.89,3168.9,154646597,196006699008.0
2018-04-02,3169.78,3192.34,3159.99,3163.18,177727777,226253565952.0
2018-04-03,3130.01,3144.33,3119.13,3136.63,152216673,189692715008.0
2018-04-04,3147.05,3163.34,3128.87,3131.11,146976681,193492824064.0
2018-04-09,3125.44,3146.09,3110.3,3138.29,139608622,177236918272.0
2018-04-10,3144.26,3190.65,3139.08,3190.32,168201359,206087413760.0
2018-04-11,3197.37,3220.84,3191.59,3208.08,175867197,211420422144.0
2018-04-12,3203.28,3205.25,3177.05,3180.16,148231314,185040056320.0
2018-04-13,3192.04,3197.9,3155.5,3159.05,127552310,163651751936.0
2018-04-16,3152.89,3153.11,3096.1,3110.65,154415695,192233349120.0
2018-04-17,3112.97,3118.76,3064.03,3066.8,147222845,185428029440.0
2018-04-18,3091.91,3096.89,3041.62,3091.4,159290504,202238971904.0
2018-04-19,3094.27,3127.44,3090.29,3117.38,160056804,196198985728.0
2018-04-20,3105.46,3111.17,3065.92,3071.54,155147090,185139068928.0
2018-04-23,3063.44,3085.06,3045.94,3068.01,131686341,157854793728.0
2018-04-24,3069.75,3136.04,3069.75,3128.93,162274806,195545006080.0
2018-04-25,3112.4,3122.91,3107.0,3117.97,127311053,161298141184.0
2018-04-26,3119.5,3121.93,3067.93,3075.03,133972736,163783774208.0
2018-04-27,3082.41,3088.03,3049.91,3082.23,131225644,179520262144.0
2018-05-02,3087.41,3097.6,3064.76,3081.18,134184566,168246153216.0
2018-05-03,3074.52,3105.66,3056.16,3100.86,139985620,173444960256.0
2018-05-04,3093.12,3104.09,3086.78,3091.03,118711265,148436365312.0
2018-05-07,3094.9,3136.84,3091.66,3136.64,138948186,178243870720.0
2018-05-08,3135.29,3169.7,3134.06,3161.5,146927060,189011648512.0
2018-05-09,3160.14,3165.37,3145.66,3159.15,122637268,153456427008.0
2018-05-10,3169.05,3176.14,3155.53,3174.41,133000755,165440364544.0
2018-05-11,3179.8,3180.76,3162.21,3163.26,130659748,167364288512.0
2018-05-14,3167.04,3183.81,3163.48,3174.03,129327352,172410691584.0
2018-05-15,3180.42,3192.81,3164.52,3192.12,124549051,162990788608.0
2018-05-16,3180.23,3191.95,3166.81,3169.56,130524969,174590980096.0
2018-05-17,3170.01,3172.77,3148.62,3154.28,113995566,150598840320.0
2018-05-18,3151.08,3193.45,3144.78,3193.3,136516918,168038055936.0
2018-05-21,3206.18,3219.74,3203.34,3213.84,164459412,202663464960.0
2018-05-22,3211.25,3214.59,3192.23,3214.35,144292685,185721667584.0
2018-05-23,3205.44,3205.44,3168.96,3168.96,157807649,199358099456.0
2018-05-24,3167.94,3173.53,3152.07,3154.65,124085801,160658186240.0
2018-05-25,3148.41,3156.73,3131.07,3141.3,128610844,166554050560.0
2018-05-28,3136.81,3149.66,3115.96,3135.08,128755919,168191258624.0
2018-05-29,3129.62,3143.21,3112.15,3120.46,135717801,177826107392.0
2018-05-30,3081.14,3085.4,3041.0,3041.44,155115126,191995195392.0
2018-05-31,3061.83,3098.08,3054.27,3095.47,140475533,185199038464.0
2018-06-01,3084.75,3102.09,3059.78,3075.14,129872200,166548881408.0
2018-06-04,3083.43,3098.4,3076.99,3091.19,114593902,154671611904.0
2018-06-05,3088.01,3114.77,3080.04,3114.21,118735593,164806307840.0
2018-06-06,3109.17,3117.52,3103.53,3115.18,120196134,162879954944.0
2018-06-07,3121.18,3128.72,3105.58,3109.5,127784970,167174303744.0
2018-06-08,3100.6,3100.68,3053.29,3067.15,134688220,161178783744.0
2018-06-11,3057.34,3063.61,3037.91,3052.78,108563786,143037325312.0
2018-06-12,3053.03,3081.45,3034.1,3079.8,113275095,154469093376.0
2018-06-13,3071.46,3071.46,3044.12,3049.8,119607887,155935264768.0
2018-06-14,3038.07,3066.05,3032.41,3044.16,115469486,147588825088.0
2018-06-15,3037.45,3048.8,3008.73,3021.9,144532572,162196017152.0
2018-06-19,2982.65,2984.97,2871.35,2907.82,230550067,241203642368.0
2018-06-20,2889.98,2925.56,2872.16,2915.73,144301420,153334280192.0
2018-06-21,2912.0,2940.59,2872.62,2875.81,154378332,159713161216.0
2018-06-22,2855.58,2891.97,2837.14,2889.76,126143130,127161475072.0
2018-06-25,2903.45,2908.62,2857.87,2859.34,121917688,132350472192.0
2018-06-26,2829.99,2850.24,2803.78,2844.51,125918469,138447245312.0
2018-06-27,2842.4,2854.26,2798.8,2813.18,129420833,142413496320.0
2018-06-28,2799.9,2825.99,2782.45,2786.9,118357906,129687433216.0
2018-06-29,2789.81,2848.37,2782.38,2847.42,125671685,135652376576.0
2018-07-02,2841.58,2845.68,2756.81,2775.56,137035034,147562758144.0
2018-07-03,2774.57,2786.89,2722.45,2786.89,142498465,161668030464.0
2018-07-04,2776.63,2793.18,2754.16,2759.13,123262180,131016163328.0
2018-07-05,2755.34,2777.52,2727.94,2733.88,129226112,132993667072.0
2018-07-06,2731.35,2768.87,2691.02,2747.23,136294380,148193038336.0
2018-07-09,2752.45,2815.79,2752.45,2815.11,121549309,135654526976.0
2018-07-10,2819.71,2828.49,2800.62,2827.62,117062748,132633112576.0
2018-07-11,2780.7,2794.36,2752.44,2777.77,126821148,138318176256.0
2018-07-12,2771.04,2844.19,2771.04,2837.66,146980201,170319085568.0
2018-07-13,2831.43,2835.46,2818.85,2831.18,117689349,146300878848.0
2018-07-16,2827.08,2837.51,2804.49,2814.04,107767150,129411190784.0
2018-07-17,2806.89,2806.92,2774.76,2798.12,105409221,124035198976.0
2018-07-18,2801.78,2818.4,2786.04,2787.26,120961165,138557149184.0
2018-07-19,2791.01,2805.01,2764.49,2772.54,114486492,129374568448.0
2018-07-20,2769.75,2837.86,2753.84,2829.27,145907689,155661123584.0
2018-07-23,2815.2,2863.57,2809.62,2859.54,173382797,186996846592.0
2018-07-24,2862.27,2911.46,2862.27,2905.56,229578307,228701876224.0
2018-07-25,2911.45,2912.31,2894.04,2903.65,167800207,166412079104.0
2018-07-26,2905.79,2915.3,2875.7,2882.23,168428201,157496680448.0
2018-07-27,2879.69,2889.69,2864.11,2873.59,146371610,132419371008.0
2018-07-30,2871.94,2896.01,2850.3,2869.05,151652250,145988587520.0
2018-07-31,2866.9,2884.68,2854.32,2876.4,118931118,119528767488.0
2018-08-01,2882.51,2897.4,2823.93,2824.53,149514348,151692873728.0
2018-08-02,2815.34,2815.34,2726.48,2768.02,174179003,169769316352.0
2018-08-03,2763.4,2777.66,2740.43,2740.44,127006364,129134686208.0
2018-08-06,2736.52,2760.47,2692.32,2705.16,129753057,132993798144.0
2018-08-07,2711.74,2779.37,2696.04,2779.37,149579743,147259486208.0
2018-08-08,2771.13,2779.91,2741.07,2744.07,147688714,139969761280.0
2018-08-09,2729.58,2801.66,2726.22,2794.38,151660334,151079878656.0
2018-08-10,2791.4,2806.11,2777.51,2795.31,121532232,123112595456.0
2018-08-13,2769.02,2789.8,2742.56,2785.87,127532242,129460539392.0
2018-08-14,2780.74,2789.44,2766.57,2780.96,109571077,112465395712.0
2018-08-15,2777.25,2777.7,2721.24,2723.26,116161787,118707675136.0
2018-08-16,2691.43,2732.95,2672.74,2705.19,120277878,117580996608.0
2018-08-17,2723.89,2730.33,2665.59,2668.97,112445294,115499397120.0
2018-08-20,2673.07,2698.47,2653.11,2698.47,110784164,114047614976.0
2018-08-21,2700.34,2739.17,2696.29,2733.83,113586839,122260217856.0
2018-08-22,2731.96,2731.96,2709.06,2714.61,93664640,98463969280.0
2018-08-23,2714.87,2736.01,2700.8,2724.62,98446469,107826016256.0
2018-08-24,2717.08,2748.82,2705.32,2729.43,100516270,102665801728.0
2018-08-27,2736.32,2780.9,2736.32,2780.9,132762578,141429678080.0
2018-08-28,2782.29,2791.39,2769.4,2777.98,118749368,125118578688.0
2018-08-29,2774.86,2778.54,2762.35,2769.29,100156928,101220663296.0
2018-08-30,2769.33,2780.53,2736.35,2737.74,106060943,106400403456.0
2018-08-31,2730.11,2744.63,2710.54,2725.25,109758743,114813353984.0
2018-09-03,2716.4,2722.85,2692.36,2720.73,102213010,104817688576.0
2018-09-04,2720.65,2756.61,2712.38,2750.58,109010307,113708888064.0
2018-09-05,2741.38,2745.47,2704.34,2704.34,105002268,107269447680.0
2018-09-06,2697.58,2719.41,2683.74,2691.59,99017833,106266079232.0
2018-09-07,2696.68,2728.55,2683.72,2702.3,107523292,113840070656.0
2018-09-10,2698.01,2703.43,2667.32,2669.48,103559171,102860718080.0
2018-09-11,2668.49,2680.57,2652.7,2664.8,99865946,96884580352.0
2018-09-12,2659.74,2672.07,2647.17,2656.11,90026757,93448204288.0
2018-09-13,2679.21,2689.06,2653.19,2686.58,107335014,112464142336.0
2018-09-14,2688.78,2694.92,2675.29,2681.64,100005007,104992358400.0
2018-09-17,2671.29,2671.29,2647.92,2651.79,88238889,86962597888.0
2018-09-18,2644.3,2700.19,2644.3,2699.95,115767992,113031888896.0
2018-09-19,2694.8,2746.08,2690.99,2730.85,141550318,140107010048.0
2018-09-20,2732.17,2743.96,2724.08,2729.24,111387464,104875868160.0
2018-09-21,2733.87,2797.49,2722.03,2797.48,158016643,148976357376.0
2018-09-25,2775.07,2790.03,2771.16,2781.14,111983178,108528046080.0
2018-09-26,2785.32,2827.34,2783.34,2806.81,139567706,145058770944.0
2018-09-27,2805.79,2810.51,2786.32,2791.77,123997696,123447709696.0
2018-09-28,2794.26,2821.75,2791.84,2821.35,134290455,125369991168.0
2018-10-08,2768.21,2771.94,2710.18,2716.51,149501389,141531553792.0
2018-10-09,2713.73,2734.31,2711.2,2721.01,116771899,110292459520.0
2018-10-10,2723.72,2743.55,2703.06,2725.84,113485737,111312453632.0
2018-10-11,2643.07,2661.28,2560.32,2583.46,197150702,170057760768.0
2018-10-12,2574.04,2615.92,2536.67,2606.91,170081636,142803210240.0
2018-10-15,2605.91,2611.97,2564.74,2568.1,118576197,105214738432.0
2018-10-16,2567.76,2597.72,2536.44,2546.33,119419144,106792247296.0
2018-10-17,2574.31,2582.55,2517.57,2561.61,129953997,117388357632.0
2018-10-18,2544.91,2544.91,2485.62,2486.42,125428513,106576760832.0
2018-10-19,2460.08,2553.39,2449.2,2550.47,147323558,130095923200.0
2018-10-22,2565.64,2675.41,2565.64,2654.88,211888448,197309812736.0
2018-10-23,2652.65,2659.81,2583.26,2594.82,178343544,166919413760.0
2018-10-24,2579.97,2640.4,2577.77,2603.29,160060408,142082166784.0
2018-10-25,2540.93,2606.1,2531.53,2603.8,162032978,137630179328.0
2018-10-26,2610.9,2626.12,2580.84,2598.85,158936120,133415493632.0
2018-10-29,2593.59,2595.54,2529.19,2542.1,134241923,122500038656.0
2018-10-30,2538.57,2586.92,2521.78,2568.05,166682309,152385933312.0
2018-10-31,2573.01,2612.92,2567.03,2602.78,180550349,154894737408.0
2018-11-01,2617.03,2636.8,2603.65,2606.24,200903931,180253806592.0
2018-11-02,2649.25,2676.48,2628.87,2676.48,225026921,207861567488.0
2018-11-05,2665.43,2673.19,2639.27,2665.43,193760100,168588914688.0
2018-11-06,2660.72,2660.86,2635.32,2659.36,163669478,138800934912.0
2018-11-07,2659.84,2675.68,2639.25,2641.34,173201987,147261808640.0
2018-11-08,2660.09,2662.37,2632.3,2635.63,159635487,128668815360.0
2018-11-09,2621.24,2621.24,2598.16,2598.87,152446308,121260494848.0
2018-11-12,2593.2,2631.17,2590.21,2630.52,175031309,142351429632.0
2018-11-13,2600.5,2666.49,2597.35,2654.88,249282447,189607223296.0
2018-11-14,2648.31,2658.31,2627.96,2632.24,238449352,176970432512.0
2018-11-15,2632.14,2668.17,2631.89,2668.17,207848722,171882491904.0
2018-11-16,2669.78,2695.57,2657.03,2679.11,242198848,204983603200.0
2018-11-19,2681.9,2703.51,2674.18,2703.51,231662828,196562706432.0
2018-11-20,2684.29,2690.83,2643.36,2645.85,215891310,180870410240.0
2018-11-21,2619.82,2653.8,2617.77,2651.5,182596447,149375782912.0
2018-11-22,2655.9,2658.0,2634.48,2645.43,149309064,125570174976.0
2018-11-23,2640.67,2642.03,2577.35,2579.48,191474550,149975642112.0
2018-11-26,2580.84,2595.0,2568.03,2575.81,134314540,108158091264.0
2018-11-27,2585.83,2592.53,2566.17,2574.68,123658437,102226563072.0
2018-11-28,2575.45,2601.96,2561.56,2601.74,145963474,119578492928.0
2018-11-29,2613.78,2617.55,2567.44,2567.44,157168737,129472446464.0
2018-11-30,2564.56,2590.21,2555.32,2588.19,139329021,112219828224.0
2018-12-03,2647.13,2665.3,2629.18,2654.8,207478956,187831787520.0
2018-12-04,2651.56,2666.08,2644.9,2665.96,167940559,144143400960.0
2018-12-05,2629.83,2660.39,2625.91,2649.8,154502057,133730209792.0
2018-12-06,2629.82,2633.68,2603.13,2605.18,141661650,129092980736.0
2018-12-07,2609.34,2614.58,2599.28,2605.89,109074993,97727664128.0
2018-12-10,2589.19,2599.76,2576.24,2584.58,113199670,99148144640.0
2018-12-11,2587.01,2596.15,2583.2,2594.09,101304364,85404123136.0
2018-12-12,2608.11,2610.01,2595.07,2602.15,103518300,88998195200.0
2018-12-13,2607.14,2645.84,2599.46,2634.05,150738115,132396105728.0
2018-12-14,2627.28,2629.16,2593.74,2593.74,145942487,123724984320.0
2018-12-17,2587.26,2598.97,2573.87,2597.97,117363251,102960848896.0
2018-12-18,2583.63,2599.15,2563.57,2576.65,117033370,99306536960.0
2018-12-19,2578.68,2579.87,2547.08,2549.56,107661796,93713174528.0
2018-12-20,2544.5,2554.86,2516.02,2536.27,120566497,103504982016.0
2018-12-21,2526.55,2527.42,2498.69,2516.25,115671201,101360623616.0
2018-12-24,2506.74,2529.44,2500.44,2527.01,97339853,85760933888.0
2018-12-25,2503.95,2513.96,2462.84,2504.82,140670561,114766008320.0
2018-12-26,2501.12,2513.83,2492.07,2498.29,108799629,93989531648.0
2018-12-27,2527.72,2532.0,2483.09,2483.09,135406843,112479760384.0
2018-12-28,2483.62,2505.11,2478.32,2493.9,119245251,105980854272.0
2019-01-02,2497.88,2500.28,2456.42,2465.29,109932014,97592573952.0
2019-01-03,2461.78,2488.48,2455.93,2464.36,124397496,106922790912.0
2019-01-04,2446.02,2515.32,2440.91,2514.87,168877668,139298676736.0
2019-01-07,2528.7,2536.98,2515.51,2533.09,177305011,145513242624.0
2019-01-08,2530.3,2531.34,2520.16,2526.46,158099182,123379040256.0
2019-01-09,2536.42,2574.41,2536.16,2544.34,191887931,160812527616.0
2019-01-10,2543.85,2551.82,2531.66,2535.1,159874327,132692332544.0
2019-01-11,2539.55,2554.79,2533.36,2553.83,149444101,122375663616.0
2019-01-14,2553.33,2556.29,2533.01,2535.76,144825464,116243415040.0
2019-01-15,2537.37,2571.5,2532.43,2570.34,160265531,137374982144.0
2019-01-16,2569.07,2574.24,2563.01,2570.42,149301540,126876315648.0
2019-01-17,2573.57,2582.56,2557.71,2559.64,162468134,127546126336.0
2019-01-18,2567.74,2598.88,2565.9,2596.01,190767237,151270432768.0
2019-01-21,2599.06,2618.98,2599.06,2610.51,163425116,139915485184.0
2019-01-22,2609.64,2609.64,2573.06,2579.7,152537774,122995437568.0
2019-01-23,2575.26,2589.51,2572.41,2581.0,131426798,105101324288.0
2019-01-24,2584.65,2597.29,2569.7,2591.69,154042045,131575042048.0
2019-01-25,2596.26,2617.0,2595.63,2601.72,159394025,135415169024.0
2019-01-28,2615.71,2630.32,2591.1,2596.98,146981765,127465635840.0
2019-01-29,2592.35,2601.74,2559.98,2594.25,155581112,126749048832.0
2019-01-30,2584.75,2598.81,2575.41,2575.57,120502572,101103927296.0
2019-01-31,2581.33,2606.63,2571.58,2584.57,154303869,126013247488.0
2019-02-01,2597.78,2618.48,2590.55,2618.23,131986849,111522627584.0
2019-02-11,2613.17,2654.1,2613.17,2653.9,154898857,137307189248.0
2019-02-12,2654.03,2674.48,2648.83,2671.89,184101179,156741541888.0
2019-02-13,2674.52,2727.07,2666.52,2721.07,243794010,207125315584.0
2019-02-14,2715.53,2729.46,2707.49,2719.7,197037348,170330836992.0
2019-02-15,2712.79,2715.63,2679.78,2682.39,196004265,169823260672.0
2019-02-18,2699.82,2754.36,2699.82,2754.36,260436006,224184078336.0
2019-02-19,2759.5,2780.78,2737.59,2755.65,288046272,247121051648.0
2019-02-20,2761.06,2767.41,2739.98,2761.22,245972526,205446930432.0
2019-02-21,2759.94,2794.01,2744.98,2751.8,298649969,253033377792.0
2019-02-22,2749.46,2804.23,2736.33,2804.23,301481411,264518881280.0
2019-02-25,2838.39,2961.8,2838.39,2961.28,528658591,465991434240.0
2019-02-26,2969.1,2995.68,2938.62,2941.52,565557967,492396544000.0
2019-02-27,2939.93,2997.49,2924.64,2953.82,474976453,411837620224.0
2019-02-28,2950.05,2965.3,2930.2,2940.95,350206602,298763952128.0
2019-03-01,2954.4,2994.01,2930.83,2994.01,345786199,307337666560.0
2019-03-04,3015.94,3090.8,3006.94,3027.58,525649436,480603656192.0
2019-03-05,3019.88,3054.96,3009.45,3054.25,424142528,382768537600.0
2019-03-06,3060.43,3103.83,3050.11,3102.1,555006364,485478322176.0
2019-03-07,3103.67,3129.94,3074.98,3106.42,583817065,525725224960.0
2019-03-08,3038.34,3075.05,2969.58,2969.86,577855473,525598244864.0
2019-03-11,2969.08,3028.25,2963.58,3026.99,426213028,404368420864.0
2019-03-12,3049.08,3093.39,3029.9,3060.31,511173158,487066632192.0
2019-03-13,3062.33,3065.29,3013.93,3026.95,453214625,451247304704.0
2019-03-14,3013.6,3041.16,2968.82,2990.69,373141798,356240351232.0
2019-03-15,3000.88,3048.12,2999.43,3021.75,341206139,344721502208.0
2019-03-18,3027.8,3096.42,3009.51,3096.42,397797179,398469603328.0
2019-03-19,3099.9,3113.43,3076.36,3090.98,350908859,353216790528.0
2019-03-20,3084.17,3102.52,3053.45,3090.64,358557504,349295407104.0
2019-03-21,3094.12,3125.02,3086.85,3101.46,414251182,403939835904.0
2019-03-22,3100.73,3107.28,3064.88,3104.15,364848346,356678336512.0
2019-03-25,3058.8,3087.0,3041.95,3043.03,380278761,375375663104.0
2019-03-26,3057.56,3062.69,2988.49,2997.1,353498020,341444825088.0
2019-03-27,3012.26,3022.76,2987.77,3022.72,291390356,295075954688.0
2019-03-28,3009.8,3025.78,2991.78,2994.94,288106424,289554567168.0
2019-03-29,3000.68,3093.03,2999.99,3090.76,375082990,386699608064.0
2019-04-01,3111.66,3176.62,3111.66,3170.36,466124692,480085938176.0
2019-04-02,3183.27,3193.27,3164.91,3176.82,447068982,462662082560.0
2019-04-03,3159.15,3219.26,3152.33,3216.3,430548636,442622042112.0
2019-04-04,3233.69,3254.14,3216.85,3246.57,469117668,475156381696.0
2019-04-08,3271.27,3288.45,3210.52,3244.81,504518403,506431238144.0
2019-04-09,3240.39,3251.65,3215.7,3239.66,364169997,380272975872.0
2019-04-10,3224.65,3264.78,3204.88,3241.93,380134408,395669975040.0
2019-04-11,3241.55,3254.13,3185.55,3189.96,353031880,360684556288.0
2019-04-12,3184.86,3199.28,3168.04,3188.63,289788997,288908972032.0
2019-04-15,3233.46,3253.98,3177.27,3177.79,348809784,355666128896.0
2019-04-16,3164.4,3253.6,3153.21,3253.6,357918753,360166633472.0
2019-04-17,3250.15,3275.33,3239.8,3263.12,357541796,354509889536.0
2019-04-18,3261.07,3271.39,3241.83,3250.2,325539942,323508178944.0
2019-04-19,3250.15,3274.33,3226.81,3270.8,315198003,315131920384.0
2019-04-22,3278.49,3279.49,3206.88,3215.04,353217388,359154298880.0
2019-04-23,3211.87,3231.58,3186.76,3198.59,328361208,324870184960.0
2019-04-24,3203.56,3210.65,3156.61,3201.61,274872164,278410854400.0
2019-04-25,3190.59,3193.75,3123.03,3123.83,325879130,309076082688.0
2019-04-26,3108.16,3129.21,3085.8,3086.4,280873853,274776403968.0
2019-04-29,3090.63,3107.76,3050.03,3062.5,292114885,289063280640.0
2019-04-30,3052.62,3088.41,3052.62,3078.34,222302518,225498128384.0
2019-05-06,2984.73,2986.54,2876.47,2906.46,326972270,314336518144.0
2019-05-07,2914.29,2937.28,2889.07,2926.39,253281769,245444214784.0
2019-05-08,2873.14,2929.43,2866.7,2893.76,231530519,218892619776.0
2019-05-09,2871.2,2888.86,2845.04,2850.95,200041134,197446881280.0
2019-05-10,2878.23,2941.45,2838.38,2939.21,282306808,274176262144.0
2019-05-13,2905.07,2921.41,2892.17,2903.71,212029883,202624126976.0
2019-05-14,2872.83,2909.2,2872.83,2883.61,208345354,201223315456.0
2019-05-15,2902.64,2945.39,2902.64,2938.68,230519700,226262786048.0
2019-05-16,2933.5,2956.17,2929.06,2955.71,248385700,226203070464.0
2019-05-17,2955.77,2956.78,2873.8,2882.3,266301642,247875178496.0
2019-05-20,2874.8,2882.63,2838.45,2870.6,209472443,199210774528.0
2019-05-21,2867.71,2919.24,2862.5,2905.97,211387023,202777776128.0
2019-05-22,2905.52,2912.4,2879.64,2891.7,200026906,193629368320.0
2019-05-23,2880.84,2885.14,2846.96,2852.52,197340308,192869486592.0
2019-05-24,2847.84,2871.86,2846.02,2852.99,167205491,162689314816.0
2019-05-27,2851.28,2898.13,2833.04,2892.38,196720901,193768714240.0
2019-05-28,2890.27,2924.04,2887.08,2909.91,223310556,227253813248.0
2019-05-29,2894.83,2934.98,2890.66,2914.7,198958820,202855038976.0
2019-05-30,2903.42,2907.85,2881.38,2905.81,205758789,197105557504.0
2019-05-31,2904.5,2922.91,2895.58,2898.7,195230579,191280402432.0
2019-06-03,2901.74,2920.83,2875.9,2890.08,215943555,208073322496.0
2019-06-04,2887.64,2888.39,2851.97,2862.28,188463542,181118914560.0
2019-06-05,2882.94,2888.77,2858.57,2861.42,181561047,175200845824.0
2019-06-06,2862.33,2862.33,2822.19,2827.8,177064412,164850548736.0
2019-06-10,2833.01,2861.13,2824.36,2852.13,166585917,162489831424.0
2019-06-11,2854.07,2927.43,2854.07,2925.72,260525796,254479986688.0
2019-06-12,2917.22,2924.7,2903.88,2909.38,240255775,223063953408.0
2019-06-13,2905.29,2918.42,2885.92,2910.74,212957791,191748206592.0
2019-06-14,2913.0,2924.32,2879.66,2881.97,215435796,194303111168.0
2019-06-17,2880.42,2902.48,2877.39,2887.62,153964961,143141638144.0
2019-06-18,2891.09,2898.33,2874.31,2890.16,147705321,136935231488.0
2019-06-19,2944.12,2953.34,2916.21,2917.8,230756974,225567256576.0
2019-06-20,2917.33,2997.39,2915.09,2987.12,291011538,288296546304.0
2019-06-21,2990.37,3010.35,2989.25,3001.98,286973834,276662460416.0
2019-06-24,3004.29,3012.83,2994.42,3008.15,210493893,211237183488.0
2019-06-25,3004.91,3004.91,2948.99,2982.07,243699244,244315078656.0
2019-06-26,2964.62,2986.91,2958.46,2976.28,174449533,172516057088.0
2019-06-27,2982.61,3011.54,2981.05,2996.79,195397048,208618647552.0
2019-06-28,2992.24,2992.24,2961.22,2978.88,181431524,183641767936.0
2019-07-01,3024.62,3045.37,3014.69,3044.9,250840433,266541056000.0
2019-07-02,3042.58,3048.48,3033.78,3043.94,214520625,229566615552.0
2019-07-03,3031.83,3031.83,3006.32,3015.26,212296174,218657992704.0
2019-07-04,3015.68,3024.5,2991.91,3005.25,194415132,202266390528.0
2019-07-05,3004.74,3014.85,2990.92,3011.06,156755428,163180843008.0
2019-07-08,2997.81,2997.81,2918.72,2933.36,211541268,205568815104.0
2019-07-09,2928.82,2937.76,2912.81,2928.23,145110605,154251423744.0
2019-07-10,2935.19,2936.75,2908.16,2915.3,135483538,141236256768.0
2019-07-11,2928.06,2945.8,2907.89,2917.76,143692521,152181407744.0
2019-07-12,2915.34,2938.53,2905.81,2930.55,137794760,142918868992.0
2019-07-15,2921.55,2955.0,2886.7,2942.19,167643397,176533200896.0
2019-07-16,2938.64,2944.82,2931.29,2937.62,131811750,140766388224.0
2019-07-17,2933.02,2942.07,2924.46,2931.69,149631616,152162963456.0
2019-07-18,2921.74,2921.74,2901.18,2901.18,149888827,149088841728.0
2019-07-19,2909.68,2939.6,2909.68,2924.2,149469553,149071212544.0
2019-07-22,2925.79,2927.16,2879.69,2886.97,180674959,204289433600.0
2019-07-23,2886.9,2901.36,2883.05,2899.94,129310508,148077350912.0
2019-07-24,2907.93,2936.45,2907.79,2923.28,155245763,178858102784.0
2019-07-25,2923.19,2937.36,2916.15,2937.36,145684385,175356383232.0
2019-07-26,2928.06,2948.33,2924.45,2944.54,139343388,158774665216.0
2019-07-29,2943.92,2948.47,2932.98,2941.01,127991846,147439132672.0
2019-07-30,2946.26,2965.63,2946.26,2952.34,148316462,170866348032.0
2019-07-31,2944.4,2944.4,2926.49,2932.51,141052347,164607873024.0
2019-08-01,2920.85,2927.34,2901.75,2908.77,142389814,171115634688.0
2019-08-02,2861.33,2872.47,2851.44,2867.84,184888443,216327401472.0
2019-08-05,2854.58,2863.69,2821.5,2821.5,167419423,196891484160.0
2019-08-06,2776.99,2787.42,2733.92,2777.56,231123727,255209230336.0
2019-08-07,2789.02,2792.69,2768.68,2768.68,157716751,176475729920.0
2019-08-08,2784.18,2799.69,2782.24,2794.55,149539564,178156146688.0
2019-08-09,2805.59,2808.33,2770.48,2774.75,148240292,171140337664.0
2019-08-12,2781.98,2814.99,2776.62,2814.99,131563433,162523258880.0
2019-08-13,2798.05,2802.04,2790.61,2797.26,130916506,153957511168.0
2019-08-14,2824.49,2829.89,2807.72,2808.91,144014641,173944885248.0
2019-08-15,2762.34,2815.9,2756.83,2815.8,152772152,173670539264.0
2019-08-16,2817.57,2840.32,2811.8,2823.82,148582344,186139369472.0
2019-08-19,2835.52,2883.1,2829.85,2883.1,214546668,247092215808.0
2019-08-20,2879.08,2892.08,2875.0,2880.0,189677207,209774346240.0
2019-08-21,2875.47,2885.59,2872.56,2880.33,159019666,183187275776.0
2019-08-22,2887.66,2888.5,2867.55,2883.44,149206216,169662169088.0
2019-08-23,2885.15,2902.46,2878.74,2897.43,159156826,192567132160.0
2019-08-26,2851.02,2870.49,2849.24,2863.57,169895363,191036669952.0
2019-08-27,2879.52,2919.64,2879.41,2902.19,208141793,230999691264.0
2019-08-28,2901.63,2905.44,2887.01,2893.76,183097902,201805049856.0
2019-08-29,2896.0,2898.6,2878.59,2890.92,178613082,196332769280.0
2019-08-30,2907.38,2914.58,2874.1,2886.24,193959951,224751169536.0
2019-09-02,2886.94,2928.48,2883.68,2924.11,202786808,226043695104.0
2019-09-03,2925.94,2930.15,2915.2,2930.15,189001216,225070157824.0
2019-09-04,2927.75,2957.41,2925.88,2957.41,225495908,251212693504.0
2019-09-05,2972.66,3015.84,2972.66,2985.86,305438707,340200665088.0
2019-09-06,2996.62,2999.94,2981.6,2999.6,216826035,258318745600.0
2019-09-09,3023.78,3026.24,3005.69,3024.74,243377751,286236532736.0
2019-09-10,3027.41,3027.41,3005.38,3021.2,240012946,275321753600.0
2019-09-11,3029.93,3030.56,3004.22,3008.81,229837363,263389556736.0
2019-09-12,3016.63,3033.47,3005.19,3031.24,196968701,224576024576.0
2019-09-16,3041.92,3042.93,3020.05,3030.75,221878958,237442265088.0
2019-09-17,3023.71,3023.71,2970.57,2978.12,223338061,237738934272.0
2019-09-18,2984.08,2996.4,2982.4,2985.66,168046700,199953633280.0
2019-09-19,2992.92,2999.28,2975.4,2999.28,162690616,193206550528.0
2019-09-20,3004.81,3011.34,2996.19,3006.45,182145303,218390585344.0
2019-09-23,2998.4,2998.4,2960.83,2977.08,168139451,199130550272.0
2019-09-24,2979.48,3002.9,2973.76,2985.34,163902761,206245806080.0
2019-09-25,2977.67,2977.67,2955.43,2955.43,168543135,203782754304.0
2019-09-26,2964.48,2970.04,2928.26,2929.09,188932541,216277561344.0
2019-09-27,2929.49,2939.08,2920.93,2932.17,132905777,153311002624.0
2019-09-30,2927.92,2936.48,2905.19,2905.19,116646812,142591700992.0
2019-10-08,2905.76,2933.02,2905.76,2913.57,125535813,151980793856.0
2019-10-09,2902.08,2924.86,2891.54,2924.86,130424143,150940229632.0
2019-10-10,2923.71,2949.24,2918.23,2947.71,134239752,157159976960.0
2019-10-11,2954.82,2980.79,2943.01,2973.66,161203745,182747394048.0
2019-10-14,2993.96,3026.38,2989.81,3007.88,208614802,221201756160.0
2019-10-15,3005.66,3005.66,2986.3,2991.05,155376904,169531932672.0
2019-10-16,2992.61,3010.42,2975.92,2978.71,149885496,166791548928.0
2019-10-17,2979.99,2986.72,2969.57,2977.33,122527613,136051253248.0
2019-10-18,2982.34,2987.2,2933.24,2938.14,149990679,162018271232.0
2019-10-21,2933.9,2940.32,2917.69,2939.62,132475108,145685880832.0
2019-10-22,2945.6,2954.64,2934.39,2954.38,117482048,130381742080.0
2019-10-23,2952.97,2957.3,2934.63,2941.62,123812882,139653652480.0
2019-10-24,2944.01,2953.04,2927.06,2940.92,126540291,141667233792.0
2019-10-25,2940.47,2958.24,2920.52,2954.93,136860705,160224092160.0
2019-10-28,2958.69,2980.13,2956.96,2980.05,173731482,198817013760.0
2019-10-29,2979.04,2979.04,2954.18,2954.18,166110057,195288080384.0
2019-10-30,2949.46,2953.3,2934.83,2939.32,158798111,181529501696.0
2019-10-31,2944.84,2946.75,2923.52,2929.06,161571484,181801938944.0
2019-11-01,2924.34,2959.83,2917.15,2958.2,159907374,175630839808.0
2019-11-04,2964.58,2983.06,2964.58,2975.49,167248364,188710096896.0
2019-11-05,2977.7,3008.31,2968.03,2991.56,179891594,203691630592.0
2019-11-06,2992.04,2995.56,2969.72,2978.6,165263547,183985238016.0
2019-11-07,2978.15,2988.96,2969.12,2978.71,136952678,155834875904.0
2019-11-08,2993.98,2998.76,2962.84,2964.18,149742108,173867229184.0
2019-11-11,2949.96,2949.96,2906.77,2909.97,157916106,166285139968.0
2019-11-12,2913.0,2918.3,2891.51,2914.82,129729155,139060727808.0
2019-11-13,2913.02,2913.86,2893.97,2905.24,129765842,146943635456.0
2019-11-14,2907.74,2917.37,2899.62,2909.87,129145449,151576182784.0
2019-11-15,2911.35,2917.83,2891.2,2891.34,135519462,152576393216.0
2019-11-18,2889.55,2911.38,2884.09,2909.2,124433178,144677412864.0
2019-11-19,2904.28,2933.99,2902.86,2933.99,135417605,155770740736.0
2019-11-20,2928.11,2930.49,2907.42,2911.05,137357530,158543196160.0
2019-11-21,2902.55,2910.36,2891.53,2903.64,123458606,139851206656.0
2019-11-22,2906.24,2925.02,2873.99,2885.29,158623365,180593827840.0
2019-11-25,2885.61,2906.61,2880.65,2906.17,178587428,174234583040.0
2019-11-26,2912.52,2915.04,2897.93,2907.06,170004664,165496766464.0
2019-11-27,2905.4,2914.49,2893.42,2903.19,133862205,137449697280.0
2019-11-28,2902.36,2909.84,2883.43,2889.69,119522468,122616545280.0
2019-11-29,2885.97,2892.39,2858.58,2871.98,122612969,140371316736.0
2019-12-02,2874.45,2888.89,2870.24,2875.81,128755807,139351760896.0
2019-12-03,2869.88,2884.86,2857.32,2884.7,123778742,135278612480.0
2019-12-04,2876.91,2882.5,2869.42,2878.12,125543652,135879221248.0
2019-12-05,2886.52,2902.0,2885.08,2899.47,143163095,159736594432.0
2019-12-06,2902.28,2912.01,2894.75,2912.01,134128878,149507334144.0
2019-12-09,2914.46,2919.59,2905.25,2914.48,160796526,174546477056.0
2019-12-10,2908.94,2919.2,2902.79,2917.32,170123999,180617289728.0
2019-12-11,2922.6,2928.26,2915.0,2924.42,165541087,175716089856.0
2019-12-12,2926.34,2926.34,2913.48,2915.7,151760804,166044164096.0
2019-12-13,2937.78,2969.98,2935.85,2967.68,211978586,234036543488.0
2019-12-16,2970.97,2984.64,2958.71,2984.39,211862118,237666762752.0
2019-12-17,2985.26,3039.38,2982.5,3022.42,293032253,302090899456.0
2019-12-18,3021.47,3033.23,3011.72,3017.04,244089692,259173629952.0
2019-12-19,3017.15,3021.42,3007.99,3017.07,208624264,220688293888.0
2019-12-20,3019.64,3027.48,3002.26,3004.94,215075756,223305035776.0
2019-12-23,2999.04,3009.34,2960.44,2962.75,205716618,218484273152.0
2019-12-24,2965.83,2983.82,2960.68,2982.68,163030249,167366668288.0
2019-12-25,2980.43,2988.29,2970.66,2981.88,175654029,189608562688.0
2019-12-26,2981.25,3007.35,2980.4,3007.35,182440425,195586080768.0
2019-12-27,3006.85,3036.11,3003.63,3005.04,247102779,258118737920.0
2019-12-30,2998.17,3041.4,2983.34,3040.02,248066529,267382992896.0
2019-12-31,3036.39,3051.68,3030.51,3050.12,217429023,226763993088.0
2020-01-02,3066.34,3098.1,3066.34,3085.2,292470208,327197122560.0
2020-01-03,3089.02,3093.82,3074.52,3083.79,261496668,289991708672.0
2020-01-06,3070.91,3107.2,3065.31,3083.41,312575841,331182551040.0
2020-01-07,3085.49,3105.45,3084.33,3104.8,276583112,288159227904.0
2020-01-08,3094.24,3094.24,3059.13,3066.89,297872553,306517393408.0
2020-01-09,3082.64,3097.33,3080.13,3094.88,243435648,271716020224.0
2020-01-10,3102.29,3105.22,3081.4,3092.29,210442463,241555668992.0
2020-01-13,3091.49,3115.57,3075.38,3115.57,210621005,258524057600.0
2020-01-14,3120.67,3127.17,3105.6,3106.82,229973770,271542439936.0
2020-01-15,3103.17,3107.94,3082.04,3090.04,202313024,232913444864.0
2020-01-16,3095.73,3096.37,3070.88,3074.08,203375475,236843360256.0
2020-01-17,3081.46,3091.95,3067.25,3075.5,190304300,242273046528.0
2020-01-20,3082.11,3096.31,3070.48,3095.79,210493340,271122456576.0
2020-01-21,3085.79,3085.79,3051.23,3052.14,234830738,286268096512.0
2020-01-22,3038.49,3069.25,3006.27,3060.75,223852864,278456922112.0
2020-01-23,3037.95,3045.04,2955.35,2976.53,272763233,327490359296.0
2020-02-03,2716.7,2766.58,2716.7,2746.61,215912102,257019596800.0
2020-02-04,2685.27,2786.16,2685.27,2783.29,364046200,374068465664.0
2020-02-05,2792.37,2842.74,2778.86,2818.09,309761823,349184114688.0
2020-02-06,2826.89,2876.59,2807.61,2866.51,316392143,358582591488.0
2020-02-07,2858.93,2875.96,2838.77,2875.96,309479642,362384162816.0
2020-02-10,2860.5,2891.85,2851.05,2890.49,294929784,341520400384.0
2020-02-11,2894.54,2913.82,2882.24,2901.67,269168335,302956847104.0
2020-02-12,2895.56,2926.9,2892.42,2926.9,248733430,297534418944.0
2020-02-13,2927.14,2935.41,2901.24,2906.07,274804844,334526328832.0
2020-02-14,2899.87,2926.94,2899.57,2917.01,250650627,308080369664.0
2020-02-17,2924.99,2983.64,2924.99,2983.62,313198008,367014338560.0
2020-02-18,2981.41,2990.6,2960.78,2984.97,311665912,374998560768.0
2020-02-19,2979.52,2998.27,2971.82,2975.4,315141151,381331161088.0
2020-02-20,2981.88,3031.37,2968.45,3030.15,345732882,413761363968.0
2020-02-21,3022.25,3058.9,3020.14,3039.67,364557276,445062078464.0
2020-02-24,3027.89,3042.18,3007.36,3031.23,370430044,451601362944.0
2020-02-25,2982.07,3016.95,2943.72,3013.05,441622761,513128644608.0
2020-02-26,2978.42,3028.78,2974.94,2987.93,469049551,495341449216.0
2020-02-27,2992.49,3009.46,2980.48,2991.33,350523658,395955642368.0
2020-02-28,2924.64,2948.13,2878.54,2880.3,401216914,432657776640.0
2020-03-02,2899.31,2982.51,2899.31,2970.93,367333368,397244203008.0
2020-03-03,3006.89,3026.84,2976.62,2992.9,410108047,447053680640.0
2020-03-04,2981.81,3012.0,2974.36,3011.67,353338278,389893918720.0
2020-03-05,3036.15,3074.26,3022.93,3071.68,445425807,482770472960.0
2020-03-06,3039.94,3052.44,3029.46,3034.51,362061532,377388544000.0
2020-03-09,2987.18,2989.21,2940.71,2943.29,414560737,438143856640.0
2020-03-10,2918.93,3000.3,2904.8,2996.76,393296648,425017184256.0
2020-03-11,3001.76,3010.03,2968.52,2968.52,352470971,378766618624.0
2020-03-12,2936.02,2944.47,2906.28,2923.49,307778458,328209203200.0
2020-03-13,2804.23,2910.88,2799.98,2887.43,366450437,393019666432.0
2020-03-16,2897.3,2898.03,2784.66,2789.25,351878666,375627001856.0
2020-03-17,2796.28,2826.91,2715.22,2779.64,306149678,323012820992.0
2020-03-18,2792.32,2815.87,2728.76,2728.76,291159852,318611390464.0
2020-03-19,2719.41,2736.82,2646.8,2702.13,302302748,330518007808.0
2020-03-20,2727.02,2751.9,2702.49,2745.62,252019507,281583370240.0
2020-03-23,2677.59,2703.33,2656.5,2660.17,249820250,268423241728.0
2020-03-24,2703.02,2723.41,2667.13,2722.44,257021929,278999306240.0
2020-03-25,2775.3,2788.64,2757.8,2781.59,273144466,293191204864.0
2020-03-26,2761.9,2788.5,2753.43,2764.91,234084022,248279785472.0
2020-03-27,2792.98,2805.55,2771.76,2772.2,240764065,253630726144.0
2020-03-30,2739.72,2759.1,2723.05,2747.21,239706604,250687143936.0
2020-03-31,2767.31,2771.17,2743.12,2750.3,218598674,224271060992.0
2020-04-01,2743.54,2773.36,2731.08,2734.52,217253427,225624645632.0
2020-04-02,2720.23,2780.64,2719.9,2780.64,217864599,233111576576.0
2020-04-03,2773.58,2780.59,2754.07,2763.99,200837404,214062211072.0
2020-04-07,2806.97,2823.28,2801.84,2820.76,270198185,286627794944.0
2020-04-08,2805.92,2823.21,2800.3,2815.37,243515305,253159669760.0
2020-04-09,2825.84,2832.4,2820.43,2825.9,238184842,247392989184.0
2020-04-10,2827.19,2833.01,2789.98,2796.63,233454769,246376308736.0
2020-04-13,2784.6,2792.89,2774.08,2783.05,177124554,184120283136.0
2020-04-14,2794.8,2827.3,2789.43,2827.28,202696568,223605698560.0
2020-04-15,2826.66,2829.75,2808.7,2811.17,205621146,231631630336.0
2020-04-16,2798.43,2823.34,2796.84,2819.94,203003773,222432600064.0
2020-04-17,2835.56,2854.96,2830.02,2838.49,245736750,280025227264.0
2020-04-20,2840.41,2852.99,2833.26,2852.55,211847078,233759313920.0
2020-04-21,2842.24,2842.24,2808.02,2827.01,233235871,248688586752.0
2020-04-22,2814.07,2843.98,2808.48,2843.98,217320000,232796778496.0
2020-04-23,2850.51,2853.64,2835.9,2838.5,248779036,262662041600.0
2020-04-24,2834.94,2834.94,2802.5,2808.53,235185075,244122292224.0
2020-04-27,2812.24,2832.67,2802.96,2815.49,210130980,225293705216.0
2020-04-28,2819.99,2821.75,2758.25,2810.02,253872745,270534754304.0
2020-04-29,2801.38,2831.76,2800.74,2822.44,202061806,222720221184.0
2020-04-30,2832.38,2865.59,2832.38,2860.08,242455278,277440933888.0
2020-05-06,2831.63,2879.26,2830.65,2878.14,249826616,303890030592.0
2020-05-07,2876.47,2882.02,2864.58,2871.52,226736957,268607483904.0
2020-05-08,2882.71,2903.8,2879.2,2895.34,226822075,276562718720.0
2020-05-11,2901.57,2914.28,2884.38,2894.8,225120410,271930642432.0
2020-05-12,2894.62,2897.9,2871.23,2891.56,197082985,238476218368.0
2020-05-13,2882.96,2900.26,2875.54,2898.05,185061309,223866908672.0
2020-05-14,2887.06,2887.06,2869.18,2870.34,197776202,237336973312.0
2020-05-15,2880.71,2884.22,2863.37,2868.46,188983593,246878191616.0
2020-05-18,2872.52,2889.98,2862.27,2875.42,226022881,289089597440.0
2020-05-19,2897.69,2900.22,2887.58,2898.58,197222405,256277803008.0
2020-05-20,2896.47,2896.47,2876.18,2883.74,210519985,269176553472.0
2020-05-21,2890.72,2891.52,2864.21,2867.92,203532037,250569936896.0
2020-05-22,2863.05,2863.05,2808.02,2813.77,209063713,245229604864.0
2020-05-25,2816.24,2821.5,2802.47,2817.97,172885558,202115354624.0
2020-05-26,2827.9,2848.34,2825.9,2846.55,174562368,207427833856.0
2020-05-27,2847.32,2849.0,2831.93,2836.8,198149343,227934396416.0
2020-05-28,2838.21,2861.92,2820.15,2846.22,207546020,239234260992.0
2020-05-29,2835.58,2855.38,2829.63,2852.35,206792804,233798995968.0
2020-06-01,2871.96,2917.15,2871.96,2915.43,260196050,307416215552.0
2020-06-02,2916.32,2926.36,2909.13,2921.4,256108050,294402744320.0
2020-06-03,2930.39,2942.76,2922.66,2923.37,255663980,300447817728.0
2020-06-04,2931.84,2932.97,2910.75,2919.25,226605873,254345986048.0
2020-06-05,2923.19,2930.8,2909.12,2930.8,217360673,253141143552.0
2020-06-08,2941.98,2950.07,2934.21,2937.77,231124360,274611814400.0
2020-06-09,2939.54,2957.12,2932.94,2956.11,209048586,251414695936.0
2020-06-10,2951.28,2951.33,2934.84,2943.75,207925970,243968495616.0
2020-06-11,2939.79,2952.65,2912.19,2920.9,233722947,289023254528.0
2020-06-12,2876.8,2930.26,2872.62,2919.74,236008643,274321727488.0
2020-06-15,2908.28,2922.54,2890.03,2890.03,243205046,293361557504.0
2020-06-16,2912.83,2931.78,2909.13,2931.75,223313065,270948556800.0
2020-06-17,2932.67,2936.62,2919.04,2935.87,234654392,278007111680.0
2020-06-18,2929.88,2942.9,2920.11,2939.32,258691377,289367728128.0
2020-06-19,2938.79,2973.32,2935.82,2967.63,264313961,319089106944.0
2020-06-22,2966.9,2983.44,2959.04,2965.27,267883835,346028748800.0
2020-06-23,2960.89,2972.4,2949.85,2970.62,225212209,305378770944.0
2020-06-24,2972.98,2982.94,2971.22,2979.55,213200732,297008783360.0
2020-06-29,2973.08,2977.91,2951.77,2961.52,220622730,293886017536.0
2020-06-30,2965.11,2990.83,2965.11,2984.67,214957215,297312329728.0
2020-07-01,2991.18,3026.19,2984.98,3025.98,273313139,369883803648.0
2020-07-02,3023.72,3092.44,3021.67,3090.57,391127995,478216482816.0
2020-07-03,3104.0,3152.81,3104.0,3152.81,458793851,535489335296.0
2020-07-06,3187.84,3337.27,3187.84,3332.88,643878907,724153675776.0
2020-07-07,3380.95,3407.08,3336.24,3345.34,657840159,793638371328.0
2020-07-08,3337.55,3421.53,3327.71,3403.44,587081684,696807632896.0
2020-07-09,3403.48,3456.97,3393.64,3450.59,620001823,751406829568.0
2020-07-10,3418.93,3433.11,3372.51,3383.32,556120010,703197548544.0
2020-07-13,3379.39,3458.79,3369.04,3443.29,558006876,717397053440.0
2020-07-14,3435.02,3451.22,3366.08,3414.62,543211492,707327004672.0
2020-07-15,3422.08,3432.45,3345.75,3361.3,492030543,674727411712.0
2020-07-16,3356.36,3373.53,3209.73,3210.1,490613123,679468339200.0
2020-07-17,3214.4,3252.78,3181.27,3214.13,359652413,486536118272.0
2020-07-20,3243.91,3314.15,3220.68,3314.15,418555305,544045658112.0
2020-07-21,3330.55,3336.68,3300.57,3320.89,359252029,488862179328.0
2020-07-22,3315.18,3381.98,3311.79,3333.16,393335334,540577042432.0
2020-07-23,3306.15,3336.3,3257.83,3325.11,407042499,546887090176.0
2020-07-24,3310.64,3319.13,3184.96,3196.77,427054026,584311865344.0
2020-07-27,3210.39,3221.98,3174.66,3205.23,299319022,402231918592.0
2020-07-28,3226.13,3245.3,3208.49,3227.96,289377861,389873696768.0
2020-07-29,3221.99,3294.55,3209.99,3294.55,324924063,453094400000.0
2020-07-30,3299.57,3312.45,3282.16,3286.82,340704120,476974006272.0
2020-07-31,3280.8,3333.79,3261.61,3310.01,353758979,495778041856.0
2020-08-03,3332.18,3368.1,3327.68,3367.97,407460867,572430761984.0
2020-08-04,3376.44,3391.07,3352.5,3371.69,442328550,604942143488.0
2020-08-05,3363.33,3383.64,3333.88,3377.56,385823027,526515056640.0
2020-08-06,3380.76,3392.7,3334.33,3386.46,415302510,570488246272.0
2020-08-07,3370.59,3374.13,3307.71,3354.04,403929633,561435648000.0
2020-08-10,3341.53,3399.93,3335.04,3379.25,381379630,527083945984.0
2020-08-11,3379.49,3409.06,3336.09,3340.29,400452705,514020765696.0
2020-08-12,3327.49,3335.73,3263.27,3319.27,378328960,480731246592.0
2020-08-13,3328.18,3338.15,3309.46,3320.73,324291279,387162288128.0
2020-08-14,3315.67,3362.03,3302.74,3360.1,305998377,367467421696.0
2020-08-17,3373.9,3450.9,3369.37,3438.8,434598259,537425076224.0
2020-08-18,3441.93,3456.72,3432.64,3451.09,380729275,493052153856.0
2020-08-19,3444.56,3454.46,3406.16,3408.13,405722214,498262159360.0
2020-08-20,3385.96,3394.56,3352.78,3363.9,335600983,401815552000.0
2020-08-21,3380.23,3393.92,3358.0,3380.68,287488340,361281753088.0
2020-08-24,3391.11,3396.57,3368.03,3385.64,266227840,345683378176.0
2020-08-25,3392.88,3408.87,3364.16,3373.58,277113421,355997790208.0
2020-08-26,3371.81,3382.6,3320.14,3329.74,294451036,381928906752.0
2020-08-27,3333.49,3351.83,3312.99,3350.11,237099354,317153390592.0
2020-08-28,3346.29,3405.88,3339.65,3403.81,271325550,379367047168.0
2020-08-31,3416.55,3442.74,3395.47,3395.68,323473889,436930125824.0
2020-09-01,3389.74,3410.61,3381.71,3410.61,246999250,326850957312.0
2020-09-02,3420.47,3421.4,3377.21,3404.8,261546319,345638981632.0
2020-09-03,3404.03,3425.63,3374.26,3384.98,255346278,350706565120.0
2020-09-04,3336.41,3360.11,3328.55,3355.37,221636549,308179656704.0
2020-09-07,3349.92,3368.24,3285.63,3292.59,260616568,357726466048.0
2020-09-08,3301.22,3324.39,3276.44,3316.42,271066278,320229900288.0
2020-09-09,3281.0,3289.61,3238.56,3254.63,351509747,341054533632.0
2020-09-10,3282.23,3285.47,3227.64,3234.82,312472804,309676744704.0
2020-09-11,3225.78,3262.5,3220.54,3260.35,221698831,254844993536.0
2020-09-14,3275.92,3283.53,3261.15,3278.81,213924137,269219917824.0
2020-09-15,3277.13,3297.69,3263.75,3295.68,197684401,251763867648.0
2020-09-16,3293.17,3302.46,3271.08,3283.92,200443364,242270892032.0
2020-09-17,3277.32,3290.41,3248.5,3270.44,202931973,279311052800.0
2020-09-18,3270.91,3338.32,3268.53,3338.09,256260787,337025892352.0
2020-09-21,3348.9,3350.59,3313.07,3316.94,216503094,287691309056.0
2020-09-22,3290.67,3320.23,3265.7,3274.3,214015066,269113294848.0
2020-09-23,3278.84,3289.76,3264.89,3279.71,169178068,240742428672.0
2020-09-24,3262.88,3265.35,3221.24,3223.18,206736010,258259918848.0
2020-09-25,3234.37,3239.47,3208.03,3219.42,164822418,220674478080.0
2020-09-28,3224.98,3238.18,3210.89,3217.53,155982784,209672388608.0
2020-09-29,3231.86,3242.79,3219.79,3224.36,151349870,207307812864.0
2020-09-30,3232.71,3244.91,3202.34,3218.05,153504458,205762859008.0
2020-10-09,3262.61,3280.51,3260.19,3272.08,188325647,264171044864.0
2020-10-12,3287.33,3359.15,3286.11,3358.47,259622408,355700113408.0
2020-10-13,3353.12,3361.83,3334.5,3359.75,204926103,288505839616.0
2020-10-14,3353.62,3353.62,3332.96,3340.78,198659382,281159983104.0
2020-10-15,3342.92,3354.58,3330.0,3332.18,191031283,263848673280.0
2020-10-16,3334.46,3348.95,3319.11,3336.36,194295421,253448028160.0
2020-10-19,3351.1,3371.09,3307.84,3312.67,212303539,283882790912.0
2020-10-20,3307.15,3328.1,3293.77,3328.1,165084762,227823366144.0
2020-10-21,3332.15,3332.15,3304.17,3325.02,177632115,246848139264.0
2020-10-22,3315.82,3320.88,3281.37,3312.5,165949988,236428247040.0
2020-10-23,3308.16,3326.05,3276.62,3278.0,174208983,249912885248.0
2020-10-26,3258.7,3264.45,3226.6,3251.12,167731794,235462467584.0
2020-10-27,3240.74,3258.34,3235.54,3254.32,149115566,217487421440.0
2020-10-28,3256.22,3275.87,3238.38,3269.24,173181965,256213458944.0
2020-10-29,3235.76,3289.77,3231.12,3272.73,184703588,278605664256.0
2020-10-30,3278.63,3279.86,3219.42,3224.53,230188803,328917241856.0
2020-11-02,3228.72,3242.8,3209.91,3225.12,226779136,325321867264.0
2020-11-03,3239.81,3278.38,3237.85,3271.07,215297864,303730147328.0
2020-11-04,3273.43,3286.62,3254.11,3277.44,188514127,270723846144.0
2020-11-05,3305.58,3320.41,3291.6,3320.13,226801462,316292710400.0
2020-11-06,3326.46,3326.46,3292.15,3312.16,234864133,325485056000.0
2020-11-09,3329.43,3380.82,3329.43,3373.73,310219771,429948923904.0
2020-11-10,3387.62,3387.62,3346.17,3360.15,278701112,390008393728.0
2020-11-11,3354.02,3365.84,3339.04,3342.2,271204654,355802066944.0
2020-11-12,3344.46,3350.28,3329.49,3338.68,216501309,286927437824.0
2020-11-13,3327.23,3327.23,3291.64,3310.1,227898363,301527965696.0
2020-11-16,3325.62,3346.97,3313.65,3346.97,279593761,333750599680.0
2020-11-17,3347.15,3347.7,3323.95,3339.9,283632479,353623371776.0
2020-11-18,3337.33,3358.89,3333.99,3347.3,287531259,358745366528.0
2020-11-19,3339.09,3367.33,3330.45,3363.09,253262991,319520194560.0
2020-11-20,3359.6,3380.15,3356.31,3377.73,261271219,312659787776.0
2020-11-23,3384.1,3431.65,3377.99,3414.49,373872046,431504375808.0
2020-11-24,3407.41,3413.93,3396.24,3402.82,300994145,359505805312.0
2020-11-25,3417.52,3423.49,3362.33,3362.33,322110208,383477784576.0
2020-11-26,3360.06,3371.45,3344.28,3369.73,255886822,317308633088.0
2020-11-27,3373.84,3408.31,3364.49,3408.31,280649894,326069547008.0
2020-11-30,3418.16,3456.74,3391.76,3391.76,384989967,454500573184.0
2020-12-01,3388.99,3457.64,3386.91,3451.94,316188979,385250750464.0
2020-12-02,3453.52,3465.73,3435.87,3449.38,312811113,383340847104.0
2020-12-03,3448.54,3452.16,3428.8,3442.14,298459930,352422285312.0
2020-12-04,3436.73,3448.4,3417.05,3444.58,256276705,329393209344.0
2020-12-07,3446.65,3449.58,3414.31,3416.6,254522509,336836800512.0
2020-12-08,3417.69,3428.66,3403.03,3410.18,226907328,304635035648.0
2020-12-09,3416.08,3422.54,3371.92,3371.96,260747425,339317805056.0
2020-12-10,3365.73,3384.89,3357.75,3373.28,247308303,321616355328.0
2020-12-11,3381.01,3383.18,3325.17,3347.19,298617157,379848802304.0
2020-12-14,3349.53,3371.13,3338.63,3369.12,239807926,316229132288.0
2020-12-15,3366.58,3373.56,3348.42,3367.23,225667402,315289743360.0
2020-12-16,3371.26,3378.66,3359.17,3366.98,220813975,308823384064.0
2020-12-17,3367.28,3406.15,3354.01,3404.87,275463631,364740476928.0
2020-12-18,3400.49,3413.81,3382.75,3394.9,280992640,354027376640.0
2020-12-21,3394.39,3423.61,3381.12,3420.57,283759795,383898951680.0
2020-12-22,3410.97,3415.75,3353.86,3356.78,323037655,432199557120.0
2020-12-23,3362.47,3394.21,3360.2,3382.32,299523528,413254778880.0
2020-12-24,3382.19,3394.07,3354.02,3363.11,275044449,363321143296.0
2020-12-25,3351.79,3397.01,3348.35,3396.56,294546895,359094444032.0
2020-12-28,3396.36,3412.52,3383.65,3397.29,316181542,398159970304.0
2020-12-29,3399.29,3407.09,3376.09,3379.04,311769185,382102564864.0
2020-12-30,3375.01,3414.45,3374.42,3414.45,291023544,377542352896.0
2020-12-31,3419.73,3474.92,3419.73,3473.07,335673925,450482319360.0
2021-01-04,3474.68,3511.66,3457.21,3502.96,380790799,523367702528.0
2021-01-05,3492.19,3528.68,3484.72,3528.68,407995935,568019464192.0
2021-01-06,3530.91,3556.8,3513.13,3550.88,370230927,521799528448.0
2021-01-07,3552.91,3576.2,3526.62,3576.2,405348227,545709629440.0
2021-01-08,3577.69,3588.06,3544.89,3570.11,345557896,502170816512.0
2021-01-11,3571.32,3597.7,3516.99,3531.5,362479155,526895927296.0
2021-01-12,3518.01,3608.34,3517.47,3608.34,323406154,485771186176.0
2021-01-13,3613.28,3622.35,3575.59,3598.65,388127790,554853437440.0
2021-01-14,3584.93,3599.06,3559.6,3565.9,347666819,511325102080.0
2021-01-15,3566.28,3589.27,3533.79,3566.38,324612744,480343781376.0
2021-01-18,3554.8,3608.77,3544.26,3596.22,301652564,451740700672.0
2021-01-19,3596.36,3603.15,3553.02,3566.38,323439542,467402584064.0
2021-01-20,3564.12,3589.96,3556.44,3583.09,272271662,397144764416.0
2021-01-21,3590.92,3636.24,3585.8,3621.26,327466995,469855227904.0
2021-01-22,3616.54,3616.54,3585.03,3606.75,324463084,485452193792.0
2021-01-25,3605.36,3637.1,3591.02,3624.24,327341071,527257346048.0
2021-01-26,3610.97,3610.97,3564.74,3569.43,278139884,436326666240.0
2021-01-27,3567.55,3578.8,3546.49,3573.34,264107162,396270391296.0
2021-01-28,3534.67,3549.54,3496.88,3505.18,270862461,391574388736.0
2021-01-29,3521.72,3531.6,3446.55,3483.07,293662664,416528621568.0
2021-02-01,3477.17,3506.39,3469.88,3505.28,277567900,371473068032.0
2021-02-02,3510.81,3535.5,3495.57,3533.68,264540631,384127852544.0
2021-02-03,3531.15,3544.01,3508.51,3517.31,297351716,413731471360.0
2021-02-04,3503.78,3524.72,3465.77,3501.86,298834854,418742554624.0
2021-02-05,3509.49,3536.54,3492.96,3496.33,290146173,397391921152.0
2021-02-08,3504.56,3542.21,3492.13,3532.45,249799619,359187320832.0
2021-02-09,3539.77,3604.01,3528.68,3603.49,253821760,371567972352.0
2021-02-10,3612.61,3662.77,3612.5,3655.09,257940823,392643391488.0
2021-02-18,3721.09,3731.69,3663.66,3675.36,340309066,483546566656.0
2021-02-19,3661.78,3699.65,3634.01,3696.17,361059804,484990205952.0
2021-02-22,3707.19,3717.27,3642.44,3642.44,488821478,599323103232.0
2021-02-23,3617.7,3672.15,3617.7,3636.36,398873175,479631810560.0
2021-02-24,3638.94,3645.65,3531.59,3564.08,362158953,484430413824.0
2021-02-25,3595.54,3608.56,3568.47,3585.05,366232300,444735016960.0
2021-02-26,3514.56,3550.41,3500.7,3509.08,333280067,424485912576.0
2021-03-01,3531.48,3552.57,3511.99,3551.4,315487526,402477043712.0
2021-03-02,3566.85,3566.85,3485.36,3508.59,339830487,427680452608.0
2021-03-03,3500.16,3577.62,3498.72,3576.9,347656847,415490347008.0
2021-03-04,3546.64,3552.2,3487.38,3503.49,393616120,462233735168.0
2021-03-05,3463.31,3523.57,3456.67,3501.99,356409224,408849903616.0
2021-03-08,3524.98,3542.3,3421.22,3421.41,387047954,453859205120.0
2021-03-09,3415.34,3429.15,3328.31,3359.29,407652539,456196190208.0
2021-03-10,3389.84,3397.03,3354.82,3357.74,299749166,339571691520.0
2021-03-11,3369.9,3436.83,3369.9,3436.83,322112044,369805365248.0
2021-03-12,3447.2,3454.51,3417.24,3453.08,358027036,381964279808.0
2021-03-15,3441.88,3457.49,3392.51,3419.95,367813294,381646491648.0
2021-03-16,3424.65,3448.88,3406.17,3446.73,316668746,332388483072.0
2021-03-17,3435.73,3454.06,3410.28,3445.55,280059817,306630471680.0
2021-03-18,3449.64,3478.14,3449.38,3463.07,284403891,316529172480.0
2021-03-19,3423.87,3439.52,3389.29,3404.66,309161715,339992293376.0
2021-03-22,3406.12,3443.66,3404.23,3443.44,312559084,332535037952.0
2021-03-23,3445.34,3445.42,3390.05,3411.51,326389409,343477166080.0
2021-03-24,3394.13,3415.29,3362.18,3367.06,317398697,344800038912.0
2021-03-25,3355.07,3382.23,3344.97,3363.59,270676096,290223443968.0
2021-03-26,3373.32,3423.22,3373.32,3418.33,274614986,322408620032.0
2021-03-29,3429.63,3449.83,3409.89,3435.3,284824243,327944118272.0
2021-03-30,3432.53,3457.63,3423.32,3456.68,285423081,331625652224.0
2021-03-31,3452.21,3452.21,3420.83,3441.91,283049262,314174119936.0
2021-04-01,3444.81,3470.03,3438.83,3466.33,275244296,292651913216.0
2021-04-02,3472.63,3487.59,3462.83,3484.39,262654874,317953200128.0
2021-04-06,3491.63,3493.28,3471.76,3482.97,234746670,286329671680.0
2021-04-07,3483.42,3483.42,3453.19,3479.63,295786977,323650985984.0
2021-04-08,3467.49,3495.91,3459.32,3482.55,331755328,348011327488.0
2021-04-09,3475.44,3475.45,3442.14,3450.68,280085197,306422226944.0
2021-04-12,3445.97,3456.16,3403.9,3412.95,309577239,338890338304.0
2021-04-13,3411.29,3425.39,3387.9,3396.47,270626053,290539880448.0
2021-04-14,3397.02,3420.03,3392.98,3416.72,233242327,269010071552.0
2021-04-15,3409.61,3409.61,3373.09,3398.99,234005053,272569196544.0
2021-04-16,3407.19,3432.63,3394.13,3426.62,258579671,295951093760.0
2021-04-19,3427.55,3479.01,3414.36,3477.55,302735818,368472469504.0
2021-04-20,3467.15,3494.3,3463.46,3472.94,285300083,358982766592.0
2021-04-21,3456.3,3481.25,3450.11,3472.93,253777859,323914145792.0
2021-04-22,3482.83,3485.36,3456.32,3465.11,251114511,317081034752.0
2021-04-23,3462.09,3482.36,3456.33,3474.17,249360433,323015933952.0
2021-04-26,3484.11,3497.12,3438.57,3441.17,276970770,388161675264.0
2021-04-27,3440.09,3443.85,3417.26,3442.61,253032394,327046021120.0
2021-04-28,3432.16,3457.07,3423.33,3457.07,247381120,349669208064.0
2021-04-29,3458.08,3478.23,3447.59,3474.9,276631388,371611590656.0
2021-04-30,3468.3,3469.09,3426.9,3446.86,312660355,401442336768.0
2021-05-06,3446.07,3471.24,3426.85,3441.28,310424192,400525168640.0
2021-05-07,3446.41,3457.89,3416.78,3418.87,353785390,411078840320.0
2021-05-10,3423.59,3429.74,3401.93,3427.99,374170885,399717548032.0
2021-05-11,3406.6,3448.1,3384.7,3441.85,350934113,390326272000.0
2021-05-12,3429.75,3466.37,3428.39,3462.75,311444547,343860408320.0
2021-05-13,3432.14,3448.02,3418.38,3429.54,319325327,356376915968.0
2021-05-14,3436.09,3490.64,3422.56,3490.38,336982308,411116941312.0
2021-05-17,3490.41,3530.51,3490.14,3517.62,322135969,424476782592.0
2021-05-18,3520.65,3529.01,3510.86,3529.01,271308559,336028774400.0
2021-05-19,3521.11,3521.11,3503.82,3510.96,278321116,349973151744.0
2021-05-20,3500.88,3517.74,3486.07,3506.94,326009334,390355320832.0
2021-05-21,3510.84,3518.38,3479.67,3486.56,283826286,356025929728.0
2021-05-24,3486.27,3498.3,3469.87,3497.28,289509243,367181627392.0
2021-05-25,3502.54,3584.58,3502.44,3581.34,341241126,472213532672.0
2021-05-26,3586.84,3603.49,3585.37,3593.36,341980288,455831257088.0
2021-05-27,3585.73,3626.36,3579.26,3608.85,309551485,429004238848.0
2021-05-28,3610.77,3622.18,3582.36,3600.78,349208829,452445032448.0
2021-05-31,3600.07,3615.66,3580.65,3615.48,331523771,449694380032.0
2021-06-01,3608.6,3626.07,3581.91,3624.71,352811412,471663104000.0
2021-06-02,3626.33,3629.29,3584.6,3597.14,348558420,454678065152.0
2021-06-03,3595.42,3618.51,3584.21,3584.21,354233032,443506528256.0
2021-06-04,3565.47,3618.8,3561.89,3591.84,330893038,435280519168.0
2021-06-07,3597.14,3600.38,3581.9,3599.54,303718676,432219951104.0
2021-06-08,3598.75,3621.52,3563.25,3580.11,304491471,443161808896.0
2021-06-09,3576.8,3598.71,3572.64,3591.4,298323297,403236323328.0
2021-06-10,3587.53,3624.34,3584.13,3610.86,318174807,442117283840.0
2021-06-11,3614.11,3614.4,3587.15,3589.75,360554970,495372693504.0
2021-06-15,3587.47,3592.95,3547.19,3556.56,349168566,444719206400.0
2021-06-16,3556.71,3561.09,3513.56,3518.33,312597307,410609315840.0
2021-06-17,3508.32,3534.2,3507.35,3525.6,277229919,388761042944.0
2021-06-18,3520.5,3535.62,3503.18,3525.1,296708585,446297403392.0
2021-06-21,3515.5,3540.3,3504.01,3529.18,280898276,426562789376.0
2021-06-22,3539.79,3560.19,3536.81,3557.41,307536399,437092257792.0
2021-06-23,3559.4,3577.47,3549.85,3566.22,310709519,470347636736.0
2021-06-24,3568.58,3570.49,3548.82,3566.65,335440755,461273595904.0
2021-06-25,3567.38,3614.3,3564.52,3607.56,346087831,483898970112.0
2021-06-28,3612.25,3614.36,3594.22,3606.37,321274975,456029593600.0
2021-06-29,3601.68,3601.83,3570.53,3573.18,306071178,440898703360.0
2021-06-30,3572.62,3594.12,3569.5,3591.2,268162819,414698377216.0
2021-07-01,3600.55,3607.7,3573.94,3588.78,291883192,450639036416.0
2021-07-02,3569.89,3569.89,3514.34,3518.76,291945549,452263194624.0
2021-07-05,3516.92,3534.32,3510.58,3534.32,288094838,445431943168.0
2021-07-06,3533.13,3538.35,3496.93,3530.26,314070211,492886900736.0
2021-07-07,3508.59,3557.88,3504.47,3553.72,318839188,457607651328.0
2021-07-08,3557.22,3558.68,3521.06,3525.5,350877857,526858674176.0
2021-07-09,3512.23,3529.31,3485.05,3524.09,349884316,493020839936.0
2021-07-12,3545.2,3565.03,3527.39,3547.84,403639557,564759281664.0
2021-07-13,3547.59,3567.48,3542.82,3566.52,362416712,511917232128.0
2021-07-14,3560.83,3560.83,3525.49,3528.5,372221722,507716415488.0
2021-07-15,3519.06,3565.93,3514.26,3564.59,363259164,507481841664.0
2021-07-16,3559.53,3566.0,3537.73,3539.3,366014779,518640631808.0
2021-07-19,3530.49,3544.88,3506.34,3539.12,336760947,486952460288.0
2021-07-20,3515.07,3538.64,3509.19,3536.79,293780595,422649888768.0
2021-07-21,3543.05,3569.09,3543.05,3562.66,338978747,517239988224.0
2021-07-22,3563.66,3576.47,3558.29,3574.73,381067054,566769500160.0
2021-07-23,3571.72,3571.85,3541.51,3550.4,446421245,604195151872.0
2021-07-26,3538.01,3538.01,3424.74,3467.44,442882204,639061192704.0
2021-07-27,3467.45,3483.87,3380.28,3381.18,469075443,702741086208.0
2021-07-28,3355.82,3385.54,3312.72,3361.59,395825418,564697718784.0
2021-07-29,3403.84,3416.61,3382.57,3411.72,344569428,539748855808.0
2021-07-30,3398.2,3404.88,3370.45,3397.36,381440955,568820969472.0
2021-08-02,3385.69,3464.29,3367.64,3464.29,432927872,657885782016.0
2021-08-03,3446.78,3470.66,3435.46,3447.99,400698081,603419197440.0
2021-08-04,3442.94,3477.6,3440.78,3477.22,348744218,546820755456.0
2021-08-05,3461.72,3486.16,3449.39,3466.55,348436923,540401111040.0
2021-08-06,3465.48,3466.39,3436.93,3458.23,336824399,516406644736.0
2021-08-09,3441.75,3502.84,3438.7,3494.63,349910095,539498930176.0
2021-08-10,3488.66,3529.93,3477.06,3529.93,345112993,553440313344.0
2021-08-11,3527.11,3544.09,3524.04,3532.62,383783555,541942730752.0
2021-08-12,3522.72,3538.4,3513.45,3524.74,381074593,538163449856.0
2021-08-13,3514.47,3540.08,3500.8,3516.3,378187282,532907855872.0
2021-08-16,3514.34,3537.85,3510.9,3517.34,391099722,535458942976.0
2021-08-17,3512.11,3531.72,3438.12,3446.98,422885804,570430623744.0
2021-08-18,3442.35,3487.44,3437.69,3485.29,389203756,535463067648.0
2021-08-19,3475.3,3480.46,3446.01,3465.55,382383032,537926524928.0
2021-08-20,3442.51,3453.15,3394.97,3427.33,391136919,552667602944.0
2021-08-23,3436.8,3481.25,3436.67,3477.13,384727439,564308156416.0
2021-08-24,3482.27,3522.7,3481.14,3514.47,430236462,616084140032.0
2021-08-25,3517.92,3540.39,3510.07,3540.38,450047020,598611869696.0
2021-08-26,3537.31,3537.32,3499.45,3501.66,502903148,622393475072.0
2021-08-27,3494.42,3530.19,3493.38,3522.16,455345907,595518693376.0
2021-08-30,3535.07,3539.49,3512.99,3528.15,512785715,699116244992.0
2021-08-31,3519.02,3543.94,3496.39,3543.94,524205056,703504818176.0
2021-09-01,3543.87,3582.32,3514.67,3567.1,667276306,842528985088.0
2021-09-02,3559.9,3597.37,3557.68,3597.04,572684040,691113291776.0
2021-09-03,3602.74,3613.95,3569.4,3581.73,614532352,743840780288.0
2021-09-06,3580.14,3626.29,3580.14,3621.86,521713275,654085734400.0
2021-09-07,3621.71,3681.93,3615.14,3676.59,547721874,658867924992.0
2021-09-08,3673.4,3695.32,3661.0,3675.19,586436193,674348482560.0
2021-09-09,3666.82,3693.45,3662.16,3693.13,604810330,679465422848.0
2021-09-10,3691.19,3722.87,3681.64,3703.11,635200433,759084638208.0
2021-09-13,3699.25,3716.83,3692.82,3715.37,557484019,696192356352.0
2021-09-14,3709.63,3723.85,3655.63,3662.6,564952387,693778087936.0
2021-09-15,3651.16,3677.53,3638.32,3656.22,474970002,604231544832.0
2021-09-16,3664.84,3677.92,3606.73,3607.09,546741473,673955340288.0
2021-09-17,3595.27,3620.96,3569.27,3613.97,516850209,628834394112.0
2021-09-22,3563.21,3629.45,3560.5,3628.49,472296054,559874727936.0
2021-09-23,3651.27,3670.95,3632.28,3642.22,534995487,633218928640.0
2021-09-24,3637.87,3651.43,3607.79,3613.07,507304773,606788608000.0
2021-09-27,3625.96,3640.81,3559.92,3582.83,510802796,640673648640.0
2021-09-28,3577.89,3610.92,3568.82,3602.22,444168806,500081995776.0
2021-09-29,3573.52,3573.52,3518.05,3536.29,452511150,511106924544.0
2021-09-30,3541.93,3572.43,3541.93,3568.17,395629627,445734703104.0
2021-10-08,3609.09,3612.55,3571.73,3592.17,407161147,492964827136.0
2021-10-11,3600.36,3614.7,3586.75,3591.71,394361160,468673830912.0
2021-10-12,3581.3,3583.64,3515.14,3546.94,405393748,461983494144.0
2021-10-13,3543.49,3569.13,3515.65,3561.76,325050668,405020008448.0
2021-10-14,3555.11,3569.69,3547.18,3558.28,294969196,377519263744.0
2021-10-15,3551.99,3578.77,3542.69,3572.37,320292984,425924722688.0
2021-10-18,3571.05,3571.05,3539.48,3568.14,340950615,455787892736.0
2021-10-19,3562.3,3596.79,3560.62,3593.15,334197652,440181530624.0
2021-10-20,3583.24,3596.05,3574.3,3587.0,344245007,450482950144.0
2021-10-21,3590.05,3610.96,3576.35,3594.78,352310866,453571674112.0
2021-10-22,3594.75,3607.58,3578.76,3582.6,353157202,455441248256.0
2021-10-25,3574.26,3611.09,3564.21,3609.86,321196815,443961630720.0
2021-10-26,3612.83,3625.02,3589.71,3597.64,337278290,465179594752.0
2021-10-27,3589.86,3589.86,3553.13,3562.31,350620941,470777794560.0
2021-10-28,3548.7,3552.04,3509.49,3518.42,378171666,502982766592.0
2021-10-29,3519.33,3547.34,3502.8,3547.34,358809377,527231832064.0
2021-11-01,3530.4,3556.59,3519.29,3544.48,382251325,564100255744.0
2021-11-02,3543.38,3559.05,3477.66,3505.63,417563172,585519468544.0
2021-11-03,3501.11,3512.61,3480.49,3498.54,306607670,449115127808.0
2021-11-04,3505.89,3527.95,3503.01,3526.87,319440829,468829179904.0
2021-11-05,3520.21,3525.87,3491.46,3491.57,354533565,485823221760.0
2021-11-08,3491.97,3507.27,3484.24,3498.63,298183721,421968076800.0
2021-11-09,3507.11,3514.95,3489.04,3507.0,287315988,421200703488.0
2021-11-10,3498.94,3498.94,3448.44,3492.46,307030707,443112742912.0
2021-11-11,3486.45,3534.2,3482.83,3532.79,322087956,464803860480.0
2021-11-12,3534.15,3543.65,3527.39,3539.1,308683354,443398365184.0
2021-11-15,3542.9,3550.44,3521.29,3533.3,313017613,464065404928.0
2021-11-16,3530.46,3549.77,3517.81,3521.79,310399908,444700782592.0
2021-11-17,3518.56,3537.51,3513.52,3537.37,276735672,401552318464.0
2021-11-18,3531.49,3537.98,3513.11,3520.71,312426926,432898314240.0
2021-11-19,3519.28,3561.91,3517.65,3560.37,317989975,440593604608.0
2021-11-22,3562.76,3585.19,3562.75,3582.08,330009385,509123407872.0
2021-11-23,3580.51,3598.37,3577.36,3589.09,360011594,508083892224.0
2021-11-24,3590.02,3602.74,3575.29,3592.7,336775247,481020420096.0
2021-11-25,3593.39,3597.15,3579.53,3584.18,306451517,450558844928.0
2021-11-26,3576.11,3576.11,3554.88,3564.09,301000067,434625236992.0
2021-11-29,3528.67,3563.68,3526.36,3562.7,333618332,490038169600.0
2021-11-30,3570.75,3582.12,3546.36,3563.89,349187937,493605519360.0
2021-12-01,3561.89,3576.89,3558.69,3576.89,329873518,467522789376.0
2021-12-02,3573.25,3586.87,3567.14,3573.84,354041523,468424826880.0
2021-12-03,3576.45,3608.47,3573.21,3607.43,377551048,493565554688.0
2021-12-06,3615.24,3626.13,3586.81,3589.31,418676744,528229670912.0
2021-12-07,3611.22,3614.22,3572.57,3595.09,403842593,524119457792.0
2021-12-08,3602.82,3637.72,3591.99,3637.57,361036657,486034354176.0
2021-12-09,3641.16,3688.4,3638.7,3673.04,431918157,568529391616.0
2021-12-10,3654.37,3667.85,3651.35,3666.35,419988800,556324241408.0
2021-12-13,3686.94,3708.94,3678.06,3681.08,424092009,574187962368.0
2021-12-14,3669.81,3671.68,3654.66,3661.53,362171935,487468519424.0
2021-12-15,3655.05,3668.4,3645.24,3647.63,377477668,481134370816.0
2021-12-16,3648.93,3675.02,3644.66,3675.02,381329508,465911361536.0
2021-12-17,3670.26,3673.65,3631.66,3632.36,408487836,491952922624.0
2021-12-20,3620.04,3643.95,3589.36,3593.6,423851410,491828985856.0
2021-12-21,3591.45,3627.09,3591.45,3625.13,408184348,428379394048.0
2021-12-22,3632.68,3635.9,3616.55,3622.62,394825178,432451305472.0
2021-12-23,3625.47,3643.55,3618.05,3643.34,382925734,449988153344.0
2021-12-24,3645.39,3648.96,3612.07,3618.05,390347625,476261146624.0
2021-12-27,3613.05,3632.19,3601.94,3615.97,329235292,407482650624.0
2021-12-28,3619.64,3631.08,3607.36,3630.11,316202243,408761368576.0
2021-12-29,3630.92,3630.92,3596.32,3597.0,305131766,410425339904.0
2021-12-30,3596.49,3628.92,3595.5,3619.19,307839291,413947691008.0
2021-12-31,3626.24,3642.84,3624.94,3639.78,329681933,433489801216.0
2022-01-04,3649.15,3651.89,3610.09,3632.33,405027768,510251061248.0
2022-01-05,3628.26,3628.26,3583.47,3595.18,423902029,538963632128.0
2022-01-06,3581.22,3594.49,3559.88,3586.08,371540544,474284290048.0
2022-01-07,3588.99,3607.23,3577.1,3579.54,436306962,502891433984.0
2022-01-10,3572.74,3593.52,3555.13,3593.52,356222610,443400847360.0
2022-01-11,3589.9,3602.15,3562.75,3567.44,359761864,441300566016.0
2022-01-12,3578.16,3599.5,3572.1,3597.43,343132956,435817893888.0
2022-01-13,3601.03,3601.07,3555.16,3555.26,369368366,457005420544.0
2022-01-14,3544.07,3548.42,3519.32,3521.26,376937024,463197642752.0
2022-01-17,3522.09,3546.09,3519.43,3541.67,312886733,438272983040.0
2022-01-18,3541.89,3579.31,3531.33,3569.91,377146435,470832037888.0
2022-01-19,3567.63,3578.73,3541.66,3558.18,333235269,420763365376.0
2022-01-20,3556.23,3576.26,3540.55,3555.06,379509847,459701841920.0
2022-01-21,3546.75,3547.0,3514.89,3522.57,326534881,417768923136.0
2022-01-24,3508.24,3531.61,3500.14,3524.11,280268342,358009696256.0
2022-01-25,3509.28,3519.83,3433.06,3433.06,327353812,383727738880.0
2022-01-26,3442.69,3462.12,3417.76,3455.67,275122829,338312359936.0
2022-01-27,3456.1,3456.36,3392.02,3394.25,280606533,346533957632.0
2022-01-28,3407.59,3417.05,3356.56,3361.44,290855258,353774612480.0
2022-02-07,3407.76,3434.03,3407.76,3429.58,320485212,357140422656.0
2022-02-08,3428.54,3453.19,3390.46,3452.63,366093865,387969867776.0
2022-02-09,3450.82,3484.74,3444.08,3479.95,350249935,393719988224.0
2022-02-10,3481.91,3488.86,3464.22,3485.91,355666268,404969418752.0
2022-02-11,3472.28,3500.15,3459.33,3462.95,361356091,426297925632.0
2022-02-14,3451.85,3457.26,3415.45,3428.88,315274447,361677856768.0
2022-02-15,3428.04,3447.49,3421.64,3446.09,275559322,341638877184.0
2022-02-16,3457.07,3475.06,3453.8,3465.83,274993912,325563412480.0
2022-02-17,3464.21,3480.97,3454.28,3468.04,297262682,355783127040.0
2022-02-18,3451.63,3490.76,3447.03,3490.76,295149962,327220391936.0
2022-02-21,3488.41,3492.2,3471.69,3490.61,301541740,345398587392.0
2022-02-22,3473.29,3473.39,3437.67,3457.15,326279483,387678928896.0
2022-02-23,3458.51,3490.76,3458.18,3489.15,325604895,415630340096.0
2022-02-24,3474.37,3486.98,3400.21,3429.96,488354900,569794043904.0
2022-02-25,3445.34,3480.18,3440.93,3451.41,377542556,441659490304.0
2022-02-28,3450.32,3462.31,3425.52,3462.31,345838387,413804527616.0
2022-03-01,3471.36,3491.13,3465.72,3488.83,326001661,412562472960.0
2022-03-02,3478.29,3486.62,3467.0,3484.19,329367685,380143816704.0
2022-03-03,3495.93,3500.29,3473.34,3481.11,412594289,443621777408.0
2022-03-04,3459.98,3474.88,3437.7,3447.65,393526582,430669053952.0
2022-03-07,3438.56,3438.56,3360.74,3372.86,393589000,458156896256.0
2022-03-08,3372.55,3383.63,3287.34,3293.53,415926766,485623582720.0
2022-03-09,3303.71,3321.48,3147.68,3256.39,466285568,519833300992.0
2022-03-10,3312.18,3326.58,3291.24,3296.09,378336376,466084007936.0
2022-03-11,3259.32,3315.66,3217.42,3309.75,384067128,458687053824.0
2022-03-14,3271.89,3297.8,3223.53,3223.53,337968686,418055598080.0
2022-03-15,3192.36,3196.92,3063.97,3063.97,465037164,508158410752.0
2022-03-16,3107.67,3177.79,3023.3,3170.71,444667190,522305343488.0
2022-03-17,3215.01,3260.17,3202.93,3215.04,420813458,532549484544.0
2022-03-18,3207.15,3260.78,3197.36,3251.07,373035612,428415082496.0
2022-03-21,3255.62,3267.5,3223.39,3253.69,354228488,421076291584.0
2022-03-22,3249.54,3279.11,3239.53,3259.86,361196157,402798964736.0
2022-03-23,3264.79,3279.89,3251.98,3271.03,349875369,405422034944.0
2022-03-24,3256.06,3266.89,3236.66,3250.26,329006653,390727516160.0
2022-03-25,3247.16,3257.11,3211.64,3212.24,340020006,389770395648.0
2022-03-28,3185.17,3230.22,3159.83,3214.5,344994872,374472282112.0
2022-03-29,3216.01,3229.18,3196.46,3203.94,316273649,363964469248.0
2022-03-30,3217.59,3266.6,3216.3,3266.6,366753677,413008941056.0
2022-03-31,3256.14,3272.04,3246.06,3252.2,398439933,428089032704.0
2022-04-01,3234.67,3287.23,3226.3,3282.72,378210460,405675716608.0
2022-04-06,3269.43,3288.11,3255.69,3283.43,429642780,433556393984.0
2022-04-07,3267.81,3290.26,3236.48,3236.7,402626660,398081847296.0
2022-04-08,3239.88,3257.09,3208.35,3251.85,413826798,414037258240.0
2022-04-11,3239.86,3239.86,3156.51,3167.13,424160184,435129503744.0
2022-04-12,3165.12,3214.54,3140.9,3213.33,418321923,422455848960.0
2022-04-13,3199.8,3225.47,3183.53,3186.82,391156925,398216900608.0
2022-04-14,3203.63,3240.0,3200.23,3225.64,371242345,401191632896.0
2022-04-15,3210.7,3229.87,3200.13,3211.24,407842081,413498818560.0
2022-04-18,3185.94,3204.03,3166.98,3195.52,347365123,366380806144.0
2022-04-19,3192.09,3207.83,3174.71,3194.03,339944105,362769874944.0
2022-04-20,3189.89,3191.83,3142.05,3151.05,362047037,373572706304.0
2022-04-21,3138.43,3160.9,3069.68,3079.81,391934694,396542033920.0
2022-04-22,3058.4,3105.66,3049.36,3086.92,342000563,348793630720.0
2022-04-25,3034.27,3043.82,2928.51,2928.51,433606108,427077210112.0
2022-04-26,2930.45,2957.68,2878.26,2886.43,401615155,395985960960.0
2022-04-27,2866.82,2959.18,2863.65,2958.28,423060191,422928347136.0
2022-04-28,2945.81,2991.51,2936.79,2975.48,375371776,388743020544.0
2022-04-29,2986.06,3048.49,2968.33,3047.06,423932795,440422727680.0
2022-05-05,3044.85,3082.23,3042.12,3067.76,383072876,409352003584.0
2022-05-06,3011.32,3030.69,2992.72,3001.56,343264218,346214395904.0
2022-05-09,2990.2,3015.94,2983.61,3004.14,292061555,299983257600.0
2022-05-10,2965.78,3043.78,2957.4,3035.84,370660979,384012599296.0
2022-05-11,3035.39,3100.9,3034.67,3058.7,423991913,472963383296.0
2022-05-12,3044.8,3072.16,3032.95,3054.99,344440476,368879652864.0
2022-05-13,3068.03,3086.1,3059.25,3084.28,331737851,340942192640.0
2022-05-16,3100.55,3102.58,3063.4,3073.75,338108493,348957704192.0
2022-05-17,3076.5,3093.7,3057.64,3093.7,330356536,351671300096.0
2022-05-18,3095.89,3105.84,3071.31,3085.98,315037924,338849161216.0
2022-05-19,3046.71,3096.96,3042.67,3096.96,336600750,360018210816.0
2022-05-20,3107.09,3146.57,3107.09,3146.57,372336635,415306219520.0
2022-05-23,3150.49,3150.51,3127.9,3146.86,353376325,381178568704.0
2022-05-24,3149.06,3153.13,3070.93,3070.93,416312159,438605377536.0
2022-05-25,3070.17,3107.63,3069.95,3107.46,342259228,342322167808.0
2022-05-26,3111.48,3133.28,3079.48,3123.11,370305518,377364656128.0
2022-05-27,3135.03,3151.05,3112.54,3130.24,359463867,372631597056.0
2022-05-30,3141.96,3150.89,3123.15,3149.06,349362286,376667693056.0
2022-05-31,3149.94,3188.6,3142.0,3186.43,374523264,432528023552.0
2022-06-01,3179.69,3190.61,3160.04,3182.16,365664433,402419941376.0
2022-06-02,3170.31,3197.28,3163.76,3195.46,361770632,413729263616.0
2022-06-06,3196.96,3237.07,3181.65,3236.37,422027835,517314347008.0
2022-06-07,3235.42,3253.09,3222.64,3241.76,402203220,482203197440.0
2022-06-08,3245.02,3266.63,3216.01,3263.79,434183270,508408532992.0
2022-06-09,3259.49,3270.56,3223.48,3238.95,422728371,468458213376.0
2022-06-10,3214.18,3286.62,3210.81,3284.83,439865731,504153681920.0
2022-06-13,3256.28,3272.99,3229.31,3255.55,438578312,511966171136.0
2022-06-14,3224.21,3289.13,3195.82,3288.91,450388188,513844989952.0
2022-06-15,3289.1,3358.55,3288.85,3305.41,550584131,621972529152.0
2022-06-16,3306.84,3319.69,3277.53,3285.38,433220869,506053992448.0
2022-06-17,3265.51,3323.28,3262.89,3316.79,395300700,497252171776.0
2022-06-20,3315.78,3333.9,3292.93,3315.43,413460411,527751757824.0
2022-06-21,3313.79,3329.39,3279.83,3306.72,394456891,471793643520.0
2022-06-22,3309.12,3311.02,3266.54,3267.2,375529782,440850993152.0
2022-06-23,3269.05,3320.15,3262.29,3320.15,400614211,474200109056.0
2022-06-24,3324.74,3356.71,3322.95,3349.75,390819735,509615996928.0
2022-06-27,3364.0,3393.31,3364.0,3379.19,414117737,541573844992.0
2022-06-28,3377.68,3412.1,3358.87,3409.21,412056517,525512511488.0
2022-06-29,3399.68,3414.65,3358.47,3361.52,440573560,561306976256.0
2022-06-30,3358.93,3417.01,3358.93,3398.62,381243177,510307205120.0
2022-07-01,3400.26,3404.05,3378.36,3387.64,350489298,458435289088.0
2022-07-04,3381.82,3405.62,3364.09,3405.43,357737920,489347956736.0
2022-07-05,3411.13,3424.84,3372.06,3404.03,411699671,516605702144.0
2022-07-06,3391.03,3391.03,3333.1,3355.35,384630047,487474667520.0
2022-07-07,3353.13,3375.86,3332.31,3364.4,334400202,438203113472.0
2022-07-08,3380.37,3386.31,3354.12,3356.08,322921073,421883932672.0
2022-07-11,3341.1,3341.1,3297.01,3313.58,342669194,424942268416.0
2022-07-12,3307.22,3319.25,3277.08,3281.47,334600539,410950560718.3
2022-07-13,3279.6,3297.02,3266.48,3284.29,331845669,394134617511.0
2022-07-14,3277.45,3299.25,3261.49,3281.74,355926432,431969353547.9
2022-07-15,3261.38,3288.92,3228.06,3228.06,380156371,460877019141.4
2022-07-18,3235.09,3278.47,3226.23,3278.1,348346022,423357272299.7
2022-07-19,3278.72,3283.93,3256.02,3279.43,315651918,396042358323.1
2022-07-20,3291.55,3308.35,3287.74,3304.72,301515123,383422746838.4
2022-07-21,3297.66,3300.53,3272.0,3272.0,332358707,420696576741.5
2022-07-22,3276.2,3293.64,3246.73,3269.97,300690066,383576011593.0
2022-07-25,3269.71,3273.18,3243.03,3250.39,271245744,348281870965.0
2022-07-26,3254.19,3282.41,3246.04,3277.44,259468676,334421587036.2
2022-07-27,3271.78,3282.57,3265.73,3275.76,249131485,339768241053.0
2022-07-28,3287.5,3305.71,3277.11,3282.58,288055056,395925555548.6
2022-07-29,3282.81,3294.8,3246.37,3253.24,307331047,410553093404.4
2022-08-01,3246.62,3264.3,3225.55,3259.96,292204805,399000239744.0
2022-08-02,3231.26,3231.26,3155.19,3186.27,394176168,475962696161.0
2022-08-03,3188.89,3217.55,3159.46,3163.67,324885673,455409764942.7
2022-08-04,3179.43,3191.0,3155.7,3189.04,260898943,371146916077.8
2022-08-05,3195.23,3228.89,3184.45,3227.03,274683729,414055641493.2
2022-08-08,3218.85,3237.97,3214.08,3236.93,254268050,392277178489.9
2022-08-09,3235.74,3248.77,3227.54,3247.43,259605467,391415560267.1
2022-08-10,3242.36,3253.17,3217.81,3230.02,257583592,390066120147.4
2022-08-11,3243.47,3281.67,3237.9,3281.67,300605376,427399149616.3
2022-08-12,3275.77,3288.22,3272.84,3276.89,299932928,403906156288.7
2022-08-15,3268.37,3286.89,3261.82,3276.09,287106773,387257744646.1
2022-08-16,3278.68,3295.02,3271.57,3277.88,303592274,409210082291.4
2022-08-17,3282.1,3296.0,3263.35,3292.53,326124759,423859011368.3
2022-08-18,3286.37,3289.14,3270.56,3277.54,301694778,418075199680.1
2022-08-19,3275.62,3286.49,3258.06,3258.08,333535471,457863361108.2
2022-08-22,3249.7,3278.17,3247.19,3277.79,314537869,427653295825.9
2022-08-23,3274.43,3284.6,3262.63,3276.22,316566356,418311743962.9
2022-08-24,3279.17,3281.88,3212.39,3215.2,366140577,458360278355.2
2022-08-25,3223.46,3248.35,3199.12,3246.25,336196165,419464277028.1
2022-08-26,3250.63,3266.27,3232.28,3236.22,309927554,397556251308.6
2022-08-29,3203.1,3240.73,3199.0,3240.73,297015097,363729979752.0
2022-08-30,3240.18,3243.75,3212.63,3227.22,294318914,353775673849.4
2022-08-31,3216.53,3232.02,3184.39,3202.14,344408829,431758007416.9
2022-09-01,3196.54,3214.56,3181.63,3184.98,274660541,336978641198.7
2022-09-02,3189.64,3198.28,3173.79,3186.48,250456911,313337604115.4
2022-09-05,3183.95,3199.91,3172.04,3199.91,280675633,339591536253.1
2022-09-06,3207.93,3244.64,3203.82,3243.45,318869689,378636070327.5
2022-09-07,3232.14,3253.77,3227.82,3246.29,301014466,368608741474.6
2022-09-08,3245.56,3253.7,3233.8,3235.59,281680358,328657091591.2
2022-09-09,3241.18,3266.2,3236.51,3262.05,283827665,338566713309.5
2022-09-13,3272.05,3278.17,3259.66,3263.8,276189823,339021890619.5
2022-09-14,3224.68,3250.8,3221.96,3237.54,255193365,306452822218.0
2022-09-15,3248.97,3254.18,3174.39,3199.92,325206121,392490591521.4
2022-09-16,3189.83,3191.83,3126.4,3126.4,316475893,355085342917.9
2022-09-19,3122.75,3135.56,3101.22,3115.6,249113662,289918817139.3
2022-09-20,3127.84,3140.03,3114.04,3122.41,219942534,268600300237.6
2022-09-21,3116.01,3129.82,3091.3,3117.18,232972496,269513754503.3
2022-09-22,3098.77,3125.68,3092.82,3108.91,221140689,269978597649.8
2022-09-23,3106.81,3124.66,3072.24,3088.37,243057719,285552915205.6
2022-09-26,3067.57,3102.65,3048.51,3051.23,262698628,293536440838.5
2022-09-27,3056.39,3094.04,3048.37,3093.86,232735303,290065702696.3
2022-09-28,3089.1,3089.1,3044.86,3045.07,230098650,276039741572.0
2022-09-29,3067.47,3076.76,3026.08,3041.2,230030416,276441059417.7
2022-09-30,3042.17,3054.61,3021.93,3024.39,204115336,240262768408.9
2022-10-10,3026.94,3029.45,2968.28,2974.15,243404828,290120024166.9
2022-10-11,2978.06,2986.91,2953.5,2979.79,208635950,246715637025.1
2022-10-12,2976.72,3025.51,2934.09,3025.51,248013557,306871328764.9
2022-10-13,3008.3,3036.25,3004.5,3016.36,249683281,317764786734.7
2022-10-14,3035.03,3084.27,3035.03,3071.99,277304061,372050694578.9
2022-10-17,3060.52,3087.19,3052.71,3084.94,262608618,349214469685.4
2022-10-18,3094.93,3099.92,3074.22,3080.96,245634757,326002905366.0
2022-10-19,3073.26,3081.39,3044.38,3044.38,230895310,313108348652.4
2022-10-20,3029.3,3070.26,3013.69,3035.05,244736145,340091337759.5
2022-10-21,3038.04,3055.42,3026.96,3038.93,245254122,315110985796.8
2022-10-24,3034.75,3064.42,2965.17,2977.56,298085356,394725942512.6
2022-10-25,2969.16,3001.72,2944.26,2976.28,255554160,337519280757.3
2022-10-26,2977.56,3028.35,2977.56,2999.5,268689492,372845274629.2
2022-10-27,3005.04,3017.26,2981.69,2982.9,265608254,381330371123.0
2022-10-28,2967.02,2974.24,2908.98,2915.93,292531308,385261361877.7
2022-10-31,2893.2,2926.02,2885.09,2893.48,301994203,396654162133.5
2022-11-01,2899.5,2969.2,2896.76,2969.2,319809578,431015902874.1
2022-11-02,2960.65,3019.05,2954.95,3003.37,325078248,457581522044.7
2022-11-03,2981.2,3003.72,2977.72,2997.81,259348567,370653283763.4
2022-11-04,2997.0,3081.59,2997.0,3070.8,329806740,458770093694.7
2022-11-07,3062.86,3088.19,3054.46,3077.82,320567097,424429131518.9
2022-11-08,3077.31,3078.28,3047.46,3064.49,256522007,338966942021.5
2022-11-09,3064.46,3073.92,3046.19,3048.17,235637324,306860895708.1
2022-11-10,3031.69,3047.98,3022.85,3036.13,270371798,335925917722.4
2022-11-11,3099.65,3117.74,3070.3,3087.29,409604534,513784597274.3
2022-11-14,3100.87,3121.41,3075.22,3083.4,361788216,454546731409.1
2022-11-15,3081.13,3135.59,3074.5,3134.08,331470577,446460007889.4
2022-11-16,3133.65,3145.75,3115.35,3119.98,303429844,386992905050.7
2022-11-17,3110.96,3115.44,3087.17,3115.43,287028407,377900109272.6
2022-11-18,3116.73,3126.71,3096.89,3097.24,299954276,389207386467.2
2022-11-21,3078.06,3085.24,3056.17,3085.04,256045549,345025496474.6
2022-11-22,3084.23,3118.12,3076.32,3088.94,327565927,374142821130.4
2022-11-23,3084.74,3108.24,3075.32,3096.91,326155449,356400844278.1
2022-11-24,3104.1,3113.24,3084.86,3089.31,267482928,308190185804.6
2022-11-25,3085.46,3111.42,3077.97,3101.69,311431979,325426338447.2
2022-11-28,3055.29,3080.18,3034.7,3078.55,305811284,338549350774.8
2022-11-29,3096.11,3152.0,3096.11,3149.75,391449748,439102619264.2
2022-11-30,3141.4,3158.57,3137.37,3151.34,372718321,404504379283.4
2022-12-01,3187.99,3198.41,3164.53,3165.47,387013056,462184974022.8
2022-12-02,3160.58,3170.9,3149.84,3156.14,307812484,366318678808.3
2022-12-05,3181.92,3213.44,3177.06,3211.81,447398437,479203617373.5
2022-12-06,3200.28,3224.82,3195.08,3212.53,373590296,435248700179.1
2022-12-07,3204.94,3226.08,3188.67,3199.62,354113078,402146133137.5
2022-12-08,3196.02,3206.72,3187.26,3197.35,320969294,364935622700.5
2022-12-09,3197.12,3212.11,3182.91,3206.95,373343209,447750222046.8
2022-12-12,3195.87,3196.72,3176.58,3179.04,333381792,394919615249.5
2022-12-13,3179.44,3187.2,3171.48,3176.33,285821200,333539763009.7
2022-12-14,3178.55,3189.84,3168.59,3176.53,265623569,333950671128.2
2022-12-15,3177.2,3179.1,3158.45,3168.65,243023333,305204998562.4
2022-12-16,3156.13,3175.35,3151.61,3167.86,259771795,307227738354.5
2022-12-19,3165.31,3170.26,3096.1,3107.12,278513541,307934621461.9
2022-12-20,3098.95,3100.75,3061.51,3073.77,218836766,261716073427.2
2022-12-21,3078.33,3085.8,3060.55,3068.41,189067920,226852792581.1
2022-12-22,3085.8,3096.24,3044.6,3054.43,223639537,266315477432.4
2022-12-23,3038.84,3061.87,3031.54,3045.87,192020305,233335246195.6
2022-12-26,3048.2,3071.84,3047.35,3065.56,206503893,255470265306.8
2022-12-27,3077.75,3098.08,3074.31,3095.57,222218322,267946785441.9
2022-12-28,3088.62,3098.65,3079.43,3087.4,224554151,260508525682.6
2022-12-29,3076.73,3086.0,3064.46,3073.7,215570676,253916981220.2
2022-12-30,3084.52,3096.31,3082.2,3089.26,217545344,250355950864.6
2023-01-03,3087.51,3119.86,3073.05,3116.51,281370362,331392138948.0
2023-01-04,3117.57,3129.09,3109.45,3123.52,273313626,316391228728.0
2023-01-05,3132.76,3159.43,3130.23,3155.22,257003018,335635934527.5
2023-01-06,3155.07,3170.74,3151.84,3157.64,257380255,338539843686.6
2023-01-09,3169.37,3183.58,3165.43,3176.08,258115218,342693770974.1
2023-01-10,3178.02,3178.16,3165.14,3169.51,232984175,310357698608.4
2023-01-11,3172.38,3184.76,3160.89,3161.84,237742869,309248892854.4
2023-01-12,3167.27,3171.59,3153.4,3163.45,216671305,275371843343.4
2023-01-13,3170.35,3195.31,3167.51,3195.31,220226897,288062499132.3
2023-01-16,3198.52,3251.37,3197.32,3227.59,306749549,413219640959.9
2023-01-17,3229.44,3231.26,3211.76,3224.24,226592230,302611778528.6
2023-01-18,3227.59,3234.82,3220.37,3224.41,212109730,266068176682.4
2023-01-19,3221.52,3240.28,3210.38,3240.28,226465030,296815557255.9
2023-01-20,3247.2,3267.06,3247.2,3264.81,273219182,329028168424.9
2023-01-30,3308.87,3310.49,3266.76,3269.32,353325829,453177014110.3
2023-01-31,3266.14,3277.25,3252.01,3255.67,300162957,375260749568.7
2023-02-01,3262.2,3284.92,3245.41,3284.92,339509410,413395187748.5
2023-02-02,3291.78,3295.76,3272.41,3285.67,333413133,428662803430.2
2023-02-03,3275.66,3275.66,3235.35,3263.41,293342814,378648522965.3
2023-02-06,3244.7,3250.35,3226.21,3238.7,267053107,349127264894.7
2023-02-07,3245.23,3250.03,3233.83,3248.09,250946450,321257641942.9
2023-02-08,3251.5,3257.11,3230.44,3232.11,234530481,293332736125.8
2023-02-09,3227.73,3270.38,3225.77,3270.38,254754529,351760831733.2
2023-02-10,3266.44,3269.99,3247.23,3260.67,260626926,341749872023.9
2023-02-13,3256.99,3285.09,3252.63,3284.16,297213188,397011413405.7
2023-02-14,3288.97,3293.73,3279.19,3293.28,270974168,355558052442.5
2023-02-15,3294.02,3296.2,3274.55,3280.49,269939123,357621816130.5
2023-02-16,3281.74,3308.83,3231.34,3249.03,380863545,468382512227.4
2023-02-17,3244.73,3262.47,3223.26,3224.02,278451237,355625842542.7
2023-02-20,3230.47,3291.04,3225.84,3290.34,325007733,397720315305.1
2023-02-21,3291.63,3308.79,3282.44,3306.52,324409449,390691271556.0
2023-02-22,3292.05,3307.03,3286.72,3291.15,255403985,320515620001.2
2023-02-23,3293.52,3307.44,3275.36,3287.48,262324304,334364534378.3
2023-02-24,3287.26,3288.39,3253.97,3267.16,234206306,308004347731.0
2023-02-27,3257.0,3276.58,3251.72,3258.03,242855344,324605090924.8
2023-02-28,3265.74,3280.42,3246.14,3279.61,251625032,318030137286.4
2023-03-01,3279.14,3315.16,3272.04,3312.35,318398704,384387413830.3
2023-03-02,3308.01,3320.74,3306.46,3310.65,328520016,389390626878.8
2023-03-03,3314.77,3330.6,3302.62,3328.39,343996919,388860006704.9
2023-03-06,3332.02,3333.06,3308.73,3322.03,340530446,431616811145.0
2023-03-07,3320.21,3342.86,3284.41,3285.1,389957956,430081145229.3
2023-03-08,3271.88,3283.25,3263.69,3283.25,260443547,312822175700.7
2023-03-09,3285.94,3289.06,3260.0,3276.09,264021859,328825695492.5
2023-03-10,3255.51,3262.15,3229.5,3230.08,281135410,342198577588.1
2023-03-13,3228.12,3268.7,3228.12,3268.7,294928087,364414206511.7
2023-03-14,3261.92,3262.0,3216.99,3245.31,319906033,409976276120.9
2023-03-15,3261.03,3273.12,3256.86,3263.31,305168798,373276384409.5
2023-03-16,3244.47,3257.43,3224.72,3226.89,327389632,392910208396.7
2023-03-17,3245.26,3279.92,3240.16,3250.55,343001022,431983057736.5
2023-03-20,3253.93,3267.99,3231.65,3234.91,392517391,480292404943.9
2023-03-21,3240.84,3256.0,3237.89,3255.65,301810779,388047055874.8
2023-03-22,3263.41,3279.39,3255.74,3265.75,290840462,382509081309.4
2023-03-23,3258.78,3286.65,3252.99,3286.65,306118393,426564792579.1
2023-03-24,3282.74,3282.74,3260.84,3265.65,324513337,430761598863.2
2023-03-27,3261.82,3261.82,3229.7,3251.4,337861206,453585768740.5
2023-03-28,3256.6,3264.1,3241.74,3245.38,295682660,396882943367.8
2023-03-29,3253.62,3254.56,3229.58,3240.06,296900508,405542776865.4
2023-03-30,3243.07,3263.74,3220.98,3261.25,299898295,401634271105.2
2023-03-31,3263.41,3278.42,3260.04,3272.86,283613746,396689286254.3
2023-04-03,3277.34,3299.73,3276.42,3296.4,357676775,513390565537.0
2023-04-04,3297.18,3312.56,3290.99,3312.56,385871617,555811064015.5
2023-04-06,3302.75,3314.53,3296.06,3312.63,327155424,506500167165.2
2023-04-07,3312.48,3328.85,3308.06,3327.65,283032247,436372798925.8
2023-04-10,3331.51,3332.72,3309.92,3315.36,340819845,516434325402.1
2023-04-11,3317.08,3317.45,3298.25,3313.57,320566055,466895849254.6
2023-04-12,3316.86,3330.71,3315.4,3327.18,343025315,482066170134.8
2023-04-13,3321.27,3334.47,3309.25,3318.36,347862106,477587943379.6
2023-04-14,3326.37,3340.08,3316.81,3338.15,338299275,478345417461.3
2023-04-17,3337.06,3385.61,3336.39,3385.61,402809926,523790271022.3
2023-04-18,3379.23,3396.17,3375.78,3393.33,348399486,474287388944.2
2023-04-19,3391.35,3394.96,3364.64,3370.13,346123443,476496941017.2
2023-04-20,3367.05,3371.37,3344.02,3367.03,350354965,499672394215.6
2023-04-21,3364.0,3367.61,3301.26,3301.26,387395098,530517857771.7
2023-04-24,3300.81,3303.09,3264.93,3275.41,354255626,473265986268.8
2023-04-25,3276.4,3288.57,3229.45,3264.87,380895729,494240131388.3
2023-04-26,3255.22,3277.98,3239.99,3264.1,357917842,480418149402.8
2023-04-27,3256.23,3299.3,3253.11,3285.88,341590534,466175350420.4
2023-04-28,3283.12,3324.88,3283.12,3323.27,401554785,514904620687.7
2023-05-04,3306.48,3352.75,3302.03,3350.46,483364916,550494850346.7
2023-05-05,3350.65,3364.14,3321.19,3334.5,436504494,499294430532.3
2023-05-08,3340.99,3400.18,3340.99,3395.0,534103659,564661993453.0
2023-05-09,3402.39,3418.95,3356.12,3357.67,573013309,619108477501.3
2023-05-10,3347.7,3349.72,3305.25,3319.15,451739731,489553667296.5
2023-05-11,3323.66,3333.25,3307.29,3309.55,354258271,401313953404.3
2023-05-12,3304.46,3319.13,3271.43,3272.36,347314983,387081199285.3
2023-05-15,3269.88,3310.74,3235.87,3310.74,388045887,431706863269.3
2023-05-16,3310.16,3317.9,3282.49,3290.99,322479410,385386011202.3
2023-05-17,3281.97,3298.52,3269.89,3284.23,285744050,340482661497.5
2023-05-18,3288.41,3313.86,3284.17,3297.32,309967472,368435070988.2
2023-05-19,3288.89,3302.34,3268.22,3283.54,285404064,359507956518.1
2023-05-22,3278.6,3308.53,3276.54,3296.47,273889998,342448401630.5
2023-05-23,3294.79,3298.23,3246.24,3246.24,275279083,324667932872.9
2023-05-24,3237.7,3237.7,3204.38,3204.75,288720257,342677325734.6
2023-05-25,3197.36,3207.02,3168.57,3201.26,283588925,347709231730.5
2023-05-26,3198.88,3220.77,3179.82,3212.5,261700479,333319265973.1
2023-05-29,3219.76,3230.97,3208.96,3221.45,297389487,377875996064.0
2023-05-30,3214.67,3230.63,3186.63,3224.21,303532460,376622572865.1
2023-05-31,3214.66,3216.36,3190.27,3204.56,294573338,384999190215.7
2023-06-01,3196.15,3225.09,3189.52,3204.63,312330759,400981483177.6
2023-06-02,3212.45,3233.99,3211.74,3230.07,294667098,377507927729.1
2023-06-05,3231.81,3244.18,3221.63,3232.44,278060203,357810090574.8
2023-06-06,3228.41,3247.35,3189.27,3195.34,308285872,387492228835.7
2023-06-07,3197.47,3210.33,3188.01,3197.76,258063400,331083866651.7
2023-06-08,3194.83,3225.53,3180.54,3213.59,293530741,353551633155.6
2023-06-09,3213.03,3231.41,3206.1,3231.41,314155501,413341768412.7
2023-06-12,3225.3,3239.44,3210.71,3228.83,313784444,403241619623.4
2023-06-13,3223.9,3235.09,3215.5,3233.67,280628454,377193491389.4
2023-06-14,3238.12,3248.46,3226.77,3228.99,303537260,404009517761.0
2023-06-15,3230.45,3252.98,3229.15,3252.98,313255752,437522981548.2
2023-06-16,3256.3,3276.55,3255.5,3273.33,326281846,444375632395.7
2023-06-19,3271.16,3271.16,3251.78,3255.81,327753047,455226178218.8
2023-06-20,3252.54,3252.84,3237.79,3240.36,298260596,433243981459.9
2023-06-21,3230.11,3236.36,3197.9,3197.9,294377372,406234561359.8
2023-06-26,3177.23,3181.08,3144.25,3150.62,308129811,398859657407.8
2023-06-27,3153.31,3194.41,3148.27,3189.44,287604327,354487810600.4
2023-06-28,3183.49,3192.66,3157.12,3189.38,276231948,360118192478.4
2023-06-29,3185.42,3196.5,3179.53,3182.38,250340074,340636710911.3
2023-06-30,3178.92,3212.99,3177.99,3202.06,265379873,359739563354.1
2023-07-03,3209.16,3246.86,3209.16,3243.98,312371395,421353472356.4
2023-07-04,3241.23,3246.96,3233.99,3245.35,279248721,387115944059.6
2023-07-05,3240.05,3241.84,3218.6,3222.95,264016426,351234984740.6
2023-07-06,3215.86,3229.48,3199.72,3205.57,246119032,320808312589.1
2023-07-07,3197.47,3212.05,3189.21,3196.61,255688469,313607453159.0
2023-07-10,3208.73,3216.53,3192.66,3203.7,236560367,311462495601.4
2023-07-11,3211.12,3221.68,3200.38,3221.37,227600467,309950254679.6
2023-07-12,3220.38,3224.33,3193.44,3196.13,271423386,365433182293.6
2023-07-13,3202.7,3238.47,3202.7,3236.48,276620508,373242517824.7
2023-07-14,3240.97,3248.38,3234.0,3237.7,273327494,368337829107.5
2023-07-17,3219.02,3219.02,3195.89,3209.63,250208376,322074497062.9
2023-07-18,3206.79,3210.25,3190.0,3197.82,235030259,307331649309.9
2023-07-19,3195.01,3204.36,3181.56,3198.84,217355860,281206091159.0
2023-07-20,3201.91,3209.06,3165.67,3169.52,238932891,302376024110.2
2023-07-21,3163.42,3185.64,3157.33,3167.75,225331363,280673190404.2
2023-07-24,3157.47,3178.73,3151.13,3164.16,216595211,260119088909.0
2023-07-25,3201.46,3231.75,3201.46,3231.52,348617714,410846601110.5
2023-07-26,3228.09,3229.89,3212.88,3223.03,317206051,328306929373.1
2023-07-27,3225.48,3245.6,3210.47,3216.67,327118867,332145068267.5
2023-07-28,3206.74,3280.28,3200.99,3275.93,411068434,436923617408.4
2023-07-31,3287.21,3322.13,3281.01,3291.04,459030994,511505348417.9
2023-08-01,3288.76,3305.34,3279.57,3290.95,459890833,441023318588.5
2023-08-02,3281.86,3290.82,3252.3,3261.69,405341499,388952703973.5
2023-08-03,3254.57,3280.86,3247.27,3280.46,384691317,389530671967.1
2023-08-04,3296.09,3315.05,3281.73,3288.08,470927697,497188089389.3
2023-08-07,3276.78,3276.78,3258.54,3268.83,360341484,393056934181.5
2023-08-08,3260.72,3274.52,3246.67,3260.62,316520733,355750325340.5
2023-08-09,3251.15,3257.08,3240.29,3244.49,271218538,309778299573.6
2023-08-10,3242.21,3257.03,3234.12,3254.56,287412142,307263291733.2
2023-08-11,3254.48,3254.48,3189.25,3189.25,330137750,339187129840.7
2023-08-14,3159.71,3180.51,3141.66,3178.43,299840327,322632054396.5
2023-08-15,3180.56,3186.23,3147.35,3176.18,273251922,300827985374.6
2023-08-16,3164.7,3176.63,3149.72,3150.13,281728292,303611332638.4
2023-08-17,3137.35,3167.45,3123.25,3163.74,294692586,320785474107.6
2023-08-18,3165.1,3179.12,3131.95,3131.95,294390352,320449006936.7
2023-08-21,3125.99,3134.96,3092.98,3092.98,265753423,293721061621.2
2023-08-22,3103.78,3126.78,3074.53,3120.33,309316335,348637687606.8
2023-08-23,3116.27,3116.38,3077.61,3078.4,272244124,297986364377.0
2023-08-24,3085.91,3106.18,3072.95,3082.24,300024637,332447831261.6
2023-08-25,3068.62,3085.05,3053.04,3064.07,293347686,317757173399.7
2023-08-28,3219.04,3219.04,3089.12,3098.64,485607764,517234120908.6
2023-08-29,3091.94,3145.76,3090.44,3135.89,398875780,443979436975.1
2023-08-30,3144.41,3153.69,3126.9,3137.14,347511867,414729469599.3
2023-08-31,3134.55,3139.98,3113.95,3119.88,313448242,362507128776.7
2023-09-01,3126.02,3143.85,3123.19,3133.25,292310992,334739632924.7
2023-09-04,3145.94,3177.06,3143.38,3177.06,366391140,404500273017.5
2023-09-05,3169.74,3169.74,3150.08,3154.37,294061849,342760613428.0
2023-09-06,3147.14,3162.15,3136.9,3158.08,267002230,324001129693.3
2023-09-07,3152.2,3152.27,3120.82,3122.35,269264733,317186963334.0
2023-09-08,3114.23,3126.04,3104.67,3116.72,228125064,270006714934.3
2023-09-11,3119.61,3155.1,3113.82,3142.78,290442917,351883735976.6
2023-09-12,3140.34,3147.51,3134.32,3137.06,234672051,281897501760.6
2023-09-13,3137.77,3143.76,3106.97,3123.07,249701038,282015557210.7
2023-09-14,3124.85,3135.03,3111.86,3126.55,263990138,281641855533.1
2023-09-15,3133.59,3141.96,3107.45,3117.74,292026365,326091455871.6
2023-09-18,3110.44,3128.7,3098.5,3125.93,259444257,299644725427.4
2023-09-19,3123.99,3131.13,3113.53,3124.96,253652761,274062664356.7
2023-09-20,3118.67,3122.13,3108.16,3108.57,228124462,243019998657.4
2023-09-21,3103.18,3113.49,3084.7,3084.7,228659100,243536277536.6
2023-09-22,3084.76,3132.56,3078.8,3132.43,285978351,321443778943.2
2023-09-25,3131.21,3131.21,3112.15,3115.61,258071885,294635829637.9
2023-09-26,3114.02,3120.29,3102.27,3102.27,222644313,270006131018.9
2023-09-27,3104.04,3125.45,3103.84,3107.32,240495830,293421022407.0
2023-09-28,3117.75,3121.84,3105.94,3110.48,236329981,288396222754.4
2023-10-09,3100.0,3103.36,3072.64,3096.92,264422205,302662162123.8
2023-10-10,3104.37,3109.98,3073.19,3075.24,255327379,293653291716.5
2023-10-11,3085.7,3095.66,3071.94,3078.96,259918692,326562386170.6
2023-10-12,3101.71,3109.99,3092.18,3107.9,274827998,325865894368.3
2023-10-13,3092.0,3094.92,3080.55,3088.1,255085235,309538085324.9
2023-10-16,3091.06,3091.13,3063.69,3073.81,263882363,314394203029.7
2023-10-17,3076.43,3084.07,3064.89,3083.5,259019588,300026228452.2
2023-10-18,3076.58,3076.58,3057.06,3058.71,268647155,310306035777.2
2023-10-19,3043.2,3043.2,3004.77,3005.39,304038910,355069176976.4
2023-10-20,2995.36,3006.27,2977.17,2983.06,267113594,307388393327.2
2023-10-23,2969.79,2973.66,2923.51,2939.29,278904128,304028962456.0
2023-10-24,2944.31,2964.76,2929.09,2962.24,310985389,339902176877.6
2023-10-25,2986.41,2993.3,2972.42,2974.11,332392004,362846635549.2
2023-10-26,2960.1,2990.33,2956.01,2988.3,291814511,332258828044.6
2023-10-27,2978.4,3029.21,2974.88,3017.78,321803717,385692318100.3
2023-10-30,3009.61,3028.26,3002.35,3021.55,360604238,439587974769.6
2023-10-31,3019.65,3023.0,3006.61,3018.77,319859967,386277226427.2
2023-11-01,3038.18,3038.33,3013.93,3023.08,280110445,347121456482.9
2023-11-02,3028.66,3038.64,3009.12,3009.41,268794581,311936400777.8
2023-11-03,3012.47,3040.98,3012.47,3030.8,268486347,329300477500.6
2023-11-06,3047.13,3058.99,3037.69,3058.41,372949630,447638159948.7
2023-11-07,3052.92,3064.58,3042.47,3057.27,326853455,401065573918.6
2023-11-08,3051.15,3062.99,3037.29,3052.37,335677834,415289260078.3
2023-11-09,3047.65,3063.47,3045.83,3053.28,315621764,388556747091.5
2023-11-10,3043.56,3044.0,3027.09,3038.97,285546497,346913084540.2
2023-11-13,3044.03,3048.62,3028.17,3046.53,290430588,344120017221.8
2023-11-14,3046.82,3059.53,3044.43,3056.07,294844733,358249840157.5
2023-11-15,3077.03,3080.13,3064.35,3072.83,304250107,389515977974.7
2023-11-16,3066.86,3071.45,3050.93,3050.93,271079460,329364382654.0
2023-11-17,3043.62,3055.86,3033.75,3054.37,267606393,328568598825.4
2023-11-20,3056.93,3072.51,3043.51,3068.32,287556998,367109310168.3
2023-11-21,3074.83,3089.77,3063.34,3067.93,330733102,391558034861.5
2023-11-22,3060.5,3067.96,3043.61,3043.61,289056490,330385482669.4
2023-11-23,3041.68,3062.87,3034.3,3061.86,276592059,315612515641.2
2023-11-24,3060.33,3060.33,3037.2,3040.97,287788413,311509355931.7
2023-11-27,3038.19,3038.36,3015.01,3031.7,310517868,350705835457.9
2023-11-28,3028.6,3039.69,3020.23,3038.55,268920746,317303697729.3
2023-11-29,3038.46,3038.98,3017.66,3021.69,277956448,322141206078.7
2023-11-30,3021.1,3030.91,3013.77,3029.67,282945357,326755696099.9
2023-12-01,3027.35,3035.76,3010.23,3031.64,286089700,335547176425.7
2023-12-04,3033.3,3038.98,3022.35,3022.91,288162053,344279695966.6
2023-12-05,3017.01,3017.01,2972.3,2972.3,293943278,340454488082.6
2023-12-06,2966.95,2985.31,2959.6,2968.93,294104187,336218906356.4
2023-12-07,2965.65,2976.01,2949.14,2966.21,296243687,348039623969.4
2023-12-08,2965.39,2980.83,2962.33,2969.56,369138705,423492311947.3
2023-12-11,2956.29,2995.67,2930.42,2991.44,360216344,405351583216.2
2023-12-12,2986.33,3003.75,2980.45,3003.44,287638762,333170576418.7
2023-12-13,2997.34,2997.34,2968.76,2968.76,282754098,331476614720.7
2023-12-14,2979.7,2986.18,2958.07,2958.99,271457650,312658124559.8
2023-12-15,2966.3,2976.31,2940.03,2942.56,289327642,322083690788.2
2023-12-18,2936.58,2951.15,2924.33,2930.8,293086999,304915892999.5
2023-12-19,2928.76,2940.5,2914.13,2932.39,265926980,283234126181.9
2023-12-20,2932.12,2937.1,2902.04,2902.11,265562454,290838402139.4
2023-12-21,2892.02,2924.26,2882.02,2918.71,282541827,315943775543.6
2023-12-22,2919.29,2935.7,2906.51,2914.78,296628367,327498019580.5
2023-12-25,2909.88,2920.63,2903.99,2918.81,229814178,261487251019.0
2023-12-26,2917.97,2917.97,2892.84,2898.88,228140855,260220552772.7
2023-12-27,2900.15,2917.96,2890.17,2914.61,247900882,279048608009.4
2023-12-28,2913.11,2961.65,2909.39,2954.7,339213116,392449073493.3
2023-12-29,2950.84,2975.03,2950.02,2974.93,290672687,349002967266.4
2024-01-02,2972.78,2976.27,2962.28,2962.28,304141793,345950729194.6
2024-01-03,2957.11,2971.28,2953.29,2967.25,285455945,321018391310.1
2024-01-04,2965.51,2966.68,2936.63,2954.35,264980924,296291346878.8
2024-01-05,2949.82,2967.97,2916.72,2929.18,301040239,325917001164.6
2024-01-08,2923.46,2924.46,2887.54,2887.54,270275055,290730589588.8
2024-01-09,2887.11,2900.73,2878.41,2893.25,262955975,294446373682.5
2024-01-10,2886.98,2903.16,2870.42,2877.7,244046526,281192192419.3
2024-01-11,2873.8,2896.18,2867.72,2886.65,267050764,298552532937.0
2024-01-12,2880.04,2904.17,2878.88,2881.98,261602931,282877466332.8
2024-01-15,2872.56,2904.46,2869.22,2886.29,244611236,269229737081.5
2024-01-16,2881.56,2896.68,2861.13,2893.99,286286714,300837919168.5
2024-01-17,2887.29,2887.49,2833.62,2833.62,261251308,283073939817.7
2024-01-18,2822.67,2849.26,2760.98,2845.78,390396855,400709904734.2
2024-01-19,2836.97,2849.88,2822.84,2832.28,266664388,296717043828.4
2024-01-22,2826.5,2828.32,2735.37,2756.34,350165758,359918989570.1
2024-01-23,2746.89,2784.84,2724.16,2770.98,308749417,312191330216.9
2024-01-24,2782.14,2823.7,2743.4,2820.77,369070600,357316181644.3
2024-01-25,2823.83,2906.79,2821.71,2906.11,442009045,437679811285.5
2024-01-26,2897.91,2924.31,2890.48,2910.22,421109084,402400231262.6
2024-01-29,2910.61,2923.9,2883.33,2883.36,410581311,397014731369.9
2024-01-30,2866.28,2881.35,2829.25,2830.53,335661226,329254005891.9
2024-01-31,2815.5,2834.01,2782.59,2788.55,377103965,355636999833.5
2024-02-01,2773.42,2805.01,2752.78,2770.74,352889185,337547960520.8
2024-02-02,2773.29,2791.68,2666.33,2730.15,426230199,392661142297.9
2024-02-05,2716.08,2739.74,2635.09,2702.19,478990292,424877418268.6
2024-02-06,2680.48,2802.93,2669.67,2789.49,502849313,441215054098.9
2024-02-07,2791.51,2829.7,2770.53,2829.7,547117439,495919878083.4
2024-02-08,2832.49,2867.47,2827.9,2865.9,531108893,482939732024.6
2024-02-19,2886.59,2910.54,2867.71,2910.54,458967704,442148454574.5
2024-02-20,2902.88,2927.31,2887.47,2922.73,350138735,357057491972.6
2024-02-21,2906.02,2994.61,2898.05,2950.96,444245463,450922050718.1
2024-02-22,2945.45,2988.36,2944.5,2988.36,354132536,365264217873.3
2024-02-23,2992.91,3009.14,2979.97,3004.88,380083270,398232220674.3
2024-02-26,3002.12,3009.48,2967.06,2977.02,409026558,427564895756.7
2024-02-27,2966.42,3015.48,2961.15,3015.48,372984687,412614978516.7
2024-02-28,3016.26,3031.49,2957.85,2957.85,544109093,576555221675.0
2024-02-29,2943.62,3015.17,2943.62,3015.17,409696374,452808746134.9
2024-03-01,3013.82,3032.23,3003.76,3027.02,379132184,442984248197.1
2024-03-04,3026.61,3040.34,3007.68,3039.31,387760002,461727516644.8
2024-03-05,3027.1,3052.54,3022.18,3047.79,383509955,458900476785.5
2024-03-06,3041.75,3060.56,3034.35,3039.93,340982739,401334635599.7
2024-03-07,3040.21,3063.69,3023.12,3027.4,377154391,423391257039.7
2024-03-08,3026.17,3049.19,3016.9,3046.02,319204392,370647474769.4
2024-03-11,3042.62,3068.46,3035.45,3068.46,361608821,427851361287.9
2024-03-12,3068.18,3075.13,3044.86,3055.94,415743914,494558502794.2
2024-03-13,3053.34,3061.95,3031.9,3043.83,365047453,442453946274.1
2024-03-14,3042.41,3060.0,3020.64,3038.23,364072290,436338838339.8
2024-03-15,3031.52,3056.45,3023.22,3054.64,360268463,405917703990.6
2024-03-18,3057.21,3085.31,3055.92,3084.93,406653508,485520636502.6
2024-03-19,3077.98,3090.05,3062.63,3062.76,384123680,446930657774.1
2024-03-20,3058.65,3081.75,3056.65,3079.69,349187729,407432569665.8
2024-03-21,3084.41,3090.05,3069.27,3077.11,366877968,437634616255.6
2024-03-22,3070.55,3073.21,3027.76,3048.03,394740486,456762466559.5
2024-03-25,3040.5,3065.26,3026.31,3026.31,387485389,443472341342.3
2024-03-26,3026.92,3036.49,3006.26,3031.48,345928787,396410716143.3
2024-03-27,3026.81,3030.45,2993.14,2993.14,343198010,376242896147.0
2024-03-28,2988.59,3033.37,2984.12,3010.66,353200026,392929088720.4
2024-03-29,3008.38,3041.3,3008.17,3041.17,334822785,364571210090.1
2024-04-01,3049.02,3078.49,3049.02,3077.38,375393640,420902006773.4
2024-04-02,3076.88,3085.54,3063.98,3074.96,367304262,396705813294.9
2024-04-03,3074.89,3079.02,3057.4,3069.3,363211380,392704394040.9
2024-04-08,3057.33,3077.35,3045.47,3047.05,402936740,421808399733.1
2024-04-09,3044.61,3051.59,3033.21,3048.54,333489965,347834663475.6
2024-04-10,3045.96,3049.61,3013.59,3027.33,348991721,364717833491.0
2024-04-11,3013.57,3050.34,3009.9,3034.25,340894392,364147836454.7
2024-04-12,3035.58,3043.56,3014.83,3019.47,334229771,363119193013.8
2024-04-15,3013.67,3066.94,2995.54,3057.38,461239244,459849043272.3
2024-04-16,3043.55,3052.43,3005.34,3007.07,448070473,435170805476.3
2024-04-17,3008.06,3071.38,3002.06,3071.38,413358368,416254660835.0
2024-04-18,3060.03,3102.55,3057.76,3074.22,416321349,441432075756.2
2024-04-19,3060.3,3080.32,3055.06,3065.26,375543855,396614941121.2
2024-04-22,3059.06,3078.42,3042.54,3044.6,357216399,382192259189.5
2024-04-23,3038.61,3044.94,3016.52,3021.98,325595128,348651765384.9
2024-04-24,3029.4,3045.64,3019.12,3044.82,305264093,335157362713.4
2024-04-25,3037.93,3060.26,3034.65,3052.9,292280148,315797661218.8
2024-04-26,3054.98,3092.43,3054.98,3088.64,439382563,484160092982.4
2024-04-29,3086.68,3119.69,3080.59,3113.04,506925445,554918811231.8
2024-04-30,3110.16,3123.29,3104.29,3104.82,440213213,473803228530.9
2024-05-06,3132.51,3142.38,3126.77,3140.72,450656899,511256135580.5
2024-05-07,3139.66,3151.22,3133.69,3147.74,379102564,426951665906.2
2024-05-08,3141.49,3144.99,3126.17,3128.48,334000320,367220116482.8
2024-05-09,3128.16,3158.46,3128.16,3154.32,360881462,398979066896.2
2024-05-10,3158.59,3163.14,3137.15,3154.55,384287495,406707822844.8
2024-05-13,3139.48,3157.37,3126.17,3148.02,397030565,425963088194.6
2024-05-14,3148.85,3155.81,3137.61,3145.77,343526194,370069674870.9
2024-05-15,3141.25,3142.97,3117.93,3119.9,321027962,333005622198.2
2024-05-16,3127.18,3137.88,3116.16,3122.4,367417361,377502921477.7
2024-05-17,3121.71,3154.03,3116.78,3154.03,383915244,389572549317.9
2024-05-20,3156.15,3174.27,3155.99,3171.15,426867280,448816915042.8
2024-05-21,3164.68,3165.22,3148.34,3157.97,335783572,346584200831.4
2024-05-22,3157.19,3166.92,3152.46,3158.54,354098082,364137830725.3
2024-05-23,3149.88,3150.63,3110.28,3116.39,353943727,356689462882.1
2024-05-24,3110.75,3130.42,3087.79,3088.87,306532279,322748606369.1
2024-05-27,3094.14,3125.51,3091.99,3124.04,319396765,345383767844.9
2024-05-28,3122.39,3130.31,3106.36,3109.57,310066974,320985406528.1
2024-05-29,3108.03,3128.14,3100.98,3111.02,289970346,297512177291.8
2024-05-30,3103.71,3121.22,3085.38,3091.68,302380762,318475183004.8
2024-05-31,3094.76,3107.6,3086.81,3086.81,276072816,301121881320.1
2024-06-03,3085.98,3097.2,3061.28,3078.49,357563362,367608352547.0
2024-06-04,3071.32,3095.32,3063.59,3091.2,309287598,325589691920.4
2024-06-05,3086.05,3092.35,3064.74,3065.4,290542344,299722764399.5
2024-06-06,3069.44,3077.67,3040.83,3048.79,369867104,371317019032.4
2024-06-07,3053.92,3065.02,3031.04,3051.28,316342484,318911097485.6
2024-06-11,3042.13,3043.2,3013.86,3028.05,310481942,332683377772.5
2024-06-12,3025.3,3042.04,3021.31,3037.47,279452106,312058601482.9
2024-06-13,3038.09,3040.4,3022.82,3028.92,297862463,336871037065.3
2024-06-14,3020.96,3037.9,3011.58,3032.63,348746753,396194698299.9
2024-06-17,3017.72,3026.62,3012.05,3015.89,295763448,338146875647.7
2024-06-18,3015.07,3031.98,3012.52,3030.25,273625999,317319995692.1
2024-06-19,3029.1,3030.23,3015.33,3018.05,261296248,300290286695.0
2024-06-20,3015.72,3028.51,3001.77,3005.44,295515907,324101266446.0
2024-06-21,2998.24,3011.91,2985.93,2998.14,255001251,280275384754.5
2024-06-24,2982.83,2990.64,2960.13,2963.1,298653884,318595817741.1
2024-06-25,2962.77,2971.65,2935.54,2950.0,273209938,296569297319.0
2024-06-26,2943.45,2976.67,2933.33,2972.53,282388409,276215175476.2
2024-06-27,2962.7,2963.06,2944.9,2945.85,270548519,266670979387.7
2024-06-28,2940.3,2985.47,2939.98,2967.4,315201432,313347004249.1
2024-07-01,2965.25,2996.41,2961.86,2994.73,297782235,294321888831.5
2024-07-02,2992.86,3004.99,2989.47,2997.01,281364683,282559369534.8
2024-07-03,2995.66,2998.54,2978.07,2982.38,246284642,257840296826.7
2024-07-04,2984.83,2995.57,2955.29,2957.57,274268789,259006711039.2
2024-07-05,2954.37,2957.11,2920.2,2949.93,272324556,271508929397.0
2024-07-08,2939.84,2947.61,2917.23,2922.45,277533424,270872022898.5
2024-07-09,2919.57,2963.78,2904.04,2959.37,315062031,320361092785.2
2024-07-10,2949.03,2958.86,2935.33,2939.36,301549456,306035255361.7
2024-07-11,2957.25,2971.36,2947.4,2970.39,328372424,337653177135.1
2024-07-12,2965.61,2977.14,2963.3,2971.3,303713014,302581575978.9
2024-07-15,2963.85,2977.31,2959.13,2974.01,268992597,268733339473.8
2024-07-16,2963.9,2977.36,2959.67,2976.3,260783630,279121370473.0
2024-07-17,2970.81,2972.79,2957.95,2962.85,282307991,305469105978.3
2024-07-18,2951.14,2978.09,2937.9,2977.13,278022665,301283750604.7
2024-07-19,2963.51,2986.24,2955.12,2982.31,280932413,319112460470.1
2024-07-22,2978.19,2978.6,2946.56,2964.22,278749559,316415459855.2
2024-07-23,2960.5,2960.5,2915.37,2915.37,296295994,307194049861.8
2024-07-24,2909.15,2922.03,2894.29,2901.95,306118853,288660361550.7
2024-07-25,2891.89,2897.77,2872.85,2886.74,274639500,273281622458.6
2024-07-26,2886.0,2899.12,2875.4,2890.9,278387536,275443434962.9
2024-07-29,2889.47,2898.95,2878.58,2891.85,256899727,260094898441.5
2024-07-30,2885.22,2885.22,2865.15,2879.3,262478837,269477482590.4
2024-07-31,2877.54,2940.59,2876.3,2938.75,412723417,418871723403.4
2024-08-01,2940.12,2947.88,2928.83,2932.39,346621137,352586120370.1
2024-08-02,2913.02,2931.26,2902.72,2905.34,312205039,314917985409.5
2024-08-05,2889.36,2919.03,2860.7,2860.7,355540572,356863001418.9
2024-08-06,2878.65,2888.2,2845.34,2867.28,297300803,295835558778.0
2024-08-07,2864.01,2886.94,2857.72,2869.83,263097150,263793649805.1
2024-08-08,2864.76,2886.4,2850.87,2869.9,289128632,271107919481.4
2024-08-09,2879.87,2887.85,2862.19,2862.19,284253916,252884027037.8
2024-08-12,2858.89,2869.27,2851.3,2858.2,244241371,217626684526.6
2024-08-13,2860.41,2867.95,2845.31,2867.95,231674601,210908509413.5
2024-08-14,2866.24,2866.24,2850.4,2850.65,217885170,207457552384.6
2024-08-15,2844.2,2889.09,2839.39,2877.36,271900000,254987115634.9
2024-08-16,2877.94,2888.68,2873.06,2879.43,263653441,243608265392.4
2024-08-19,2877.95,2905.15,2877.77,2893.67,261687730,242994885290.2
2024-08-20,2895.55,2896.52,2855.33,2866.66,263658002,237307803964.2
2024-08-21,2858.94,2863.89,2848.15,2856.58,229200027,209909187787.0
2024-08-22,2856.2,2861.61,2845.5,2848.77,245399415,230124077189.6
2024-08-23,2844.77,2860.73,2839.34,2854.37,226692565,214581900323.2
2024-08-26,2855.47,2860.65,2844.38,2855.52,227351523,216806649036.9
2024-08-27,2850.88,2853.78,2843.16,2848.73,230693006,215686326235.9
2024-08-28,2844.33,2852.56,2830.96,2837.43,228730623,213862368727.5
2024-08-29,2829.45,2831.43,2815.38,2823.11,277510534,257644228807.6
2024-08-30,2819.65,2867.96,2817.01,2842.21,397516975,384092892138.4
2024-09-02,2832.35,2839.28,2810.37,2811.04,340714193,314813036715.5
2024-09-03,2809.17,2814.9,2794.91,2802.98,275736139,252782482525.1
2024-09-04,2786.5,2800.61,2781.94,2784.28,257453500,234711697257.6
2024-09-05,2785.26,2796.02,2777.47,2788.31,242040948,227514507237.8
2024-09-06,2791.76,2804.09,2765.64,2765.81,253645375,228570135026.9
2024-09-09,2754.72,2756.56,2726.97,2736.49,261468847,236605848473.8
2024-09-10,2737.88,2750.12,2718.63,2744.19,262159015,226408492961.9
2024-09-11,2732.73,2732.73,2710.62,2721.8,242264900,219755948411.4
2024-09-12,2722.14,2734.68,2716.56,2717.12,240084315,218571098697.3
2024-09-13,2718.99,2728.78,2703.37,2704.09,251270038,227818801149.3
2024-09-18,2705.35,2724.11,2689.7,2717.28,247817132,213090588644.7
2024-09-19,2723.21,2747.74,2697.78,2736.02,315208389,280536046232.0
2024-09-20,2734.23,2741.16,2717.95,2736.81,285644627,255433329892.5
2024-09-23,2735.39,2760.48,2731.36,2748.92,257642154,235214505877.1
2024-09-24,2770.75,2863.15,2761.37,2863.13,477619545,442795296868.8
2024-09-25,2901.42,2952.45,2889.05,2896.31,568259816,516698093562.2
2024-09-26,2893.75,3000.95,2889.01,3000.95,576319261,524669070870.6
2024-09-27,3049.1,3087.53,3017.45,3087.53,492287163,480612559539.5
2024-09-30,3194.72,3358.59,3153.7,3336.5,1102337917,1167772549990.4
2024-10-08,3674.4,3674.4,3372.19,3489.78,1313460195,1510513250817.1
2024-10-09,3427.22,3437.16,3249.16,3258.86,992757256,1264311454429.5
2024-10-10,3277.69,3379.81,3228.12,3301.93,834500257,947788514989.0
2024-10-11,3287.87,3297.75,3187.99,3217.74,606027433,664332794461.9
2024-10-14,3241.43,3294.62,3203.9,3284.32,631466859,701499242569.3
2024-10-15,3265.75,3285.21,3201.29,3201.29,566054558,619091471860.4
2024-10-16,3169.17,3236.85,3167.74,3202.95,515813997,533062408932.0
2024-10-17,3220.73,3241.57,3169.38,3169.38,528611772,557347351398.0
2024-10-18,3165.97,3313.98,3152.82,3261.56,693014623,827948922139.1
2024-10-21,3276.06,3300.66,3239.1,3268.11,668150299,855781454017.1
2024-10-22,3263.82,3294.96,3255.14,3285.87,574913781,698861461335.1
2024-10-23,3285.25,3331.08,3277.07,3302.8,650444128,760066419549.9
2024-10-24,3287.82,3292.94,3266.88,3280.26,519827074,585248946960.3
2024-10-25,3280.76,3319.36,3276.13,3299.7,595651707,677255321349.3
2024-10-28,3300.46,3322.2,3279.72,3322.2,672373131,717510218018.9
2024-10-29,3328.09,3340.46,3284.21,3286.41,725326154,806573822261.9
2024-10-30,3273.64,3291.68,3244.81,3266.24,669018090,730619786746.3
2024-10-31,3267.98,3295.74,3252.39,3279.82,784649094,864970968962.6
2024-11-01,3275.58,3305.32,3258.73,3272.01,852055320,878112793944.5
2024-11-04,3275.68,3310.21,3263.84,3310.21,665077454,692341763272.3
2024-11-05,3306.81,3386.99,3302.05,3386.99,821124902,929931429368.6
2024-11-06,3395.22,3421.0,3367.08,3383.81,895855930,1026807640357.8
2024-11-07,3359.99,3470.66,3356.26,3470.66,959556680,1048841306120.8
2024-11-08,3502.13,3509.82,3443.19,3452.3,964034562,1107932295571.4
2024-11-11,3432.37,3471.12,3416.73,3470.07,818025436,1024334899510.8
2024-11-12,3469.89,3489.42,3402.04,3421.97,817926524,1039600859287.1
2024-11-13,3406.92,3442.3,3404.53,3439.28,673662348,829435316989.4
2024-11-14,3429.51,3441.77,3376.15,3379.84,631556690,762884198784.3
2024-11-15,3369.81,3391.32,3330.73,3330.73,630285583,745937122428.3
2024-11-18,3344.69,3386.9,3309.01,3323.85,743950692,755809644463.3
2024-11-19,3324.88,3346.76,3284.13,3346.01,625024151,651575376256.0
2024-11-20,3337.68,3375.25,3333.0,3367.99,566154289,627858323157.0
2024-11-21,3362.94,3378.52,3348.86,3370.4,530331830,614517433700.1
2024-11-22,3368.04,3372.0,3267.19,3267.19,630687790,707626460331.8
2024-11-25,3274.88,3285.46,3232.92,3263.76,538897390,596502088292.4
2024-11-26,3256.86,3285.33,3252.87,3259.76,472219304,509490596260.8
2024-11-27,3250.59,3309.88,3227.36,3309.78,511202303,571617596023.5
2024-11-28,3308.28,3319.26,3290.36,3295.7,511953047,558164131747.0
2024-11-29,3295.21,3357.5,3293.69,3326.46,580227102,663851511036.4
2024-12-02,3328.48,3369.3,3323.01,3363.98,668477762,709509517836.3
2024-12-03,3366.29,3386.62,3348.37,3378.81,663030139,683982592769.1
2024-12-04,3376.57,3388.02,3352.94,3364.65,621028862,653467546717.8
2024-12-05,3353.06,3377.06,3353.06,3368.86,543885746,565551128328.2
2024-12-06,3370.94,3418.26,3364.21,3404.08,698186572,685981058113.5
2024-12-09,3402.63,3426.65,3385.96,3402.53,694905205,649443191295.4
2024-12-10,3490.29,3494.87,3417.77,3422.66,794668034,860483994841.6
2024-12-11,3416.09,3437.81,3416.09,3432.49,681544610,692929618702.8
2024-12-12,3432.28,3464.12,3425.98,3461.5,700096689,734168982735.3
2024-12-13,3442.93,3442.93,3390.75,3391.88,777464144,850714862974.4
2024-12-16,3390.08,3401.93,3376.54,3386.33,625578996,675237492920.5
2024-12-17,3381.81,3396.21,3357.77,3361.49,568941505,584789337297.5
2024-12-18,3371.3,3396.46,3371.3,3382.21,512524979,539790684420.2
2024-12-19,3355.9,3377.53,3346.47,3370.03,513909063,559130979000.3
2024-12-20,3364.48,3390.62,3362.82,3368.07,490964621,596821938643.8
2024-12-23,3367.9,3384.99,3348.28,3351.26,556747248,623117789296.1
2024-12-24,3353.54,3394.9,3352.95,3393.53,471992673,530758037565.0
2024-12-25,3395.11,3406.21,3374.01,3393.35,471315592,522168241894.2
2024-12-26,3389.34,3401.1,3380.26,3398.08,422177271,518937022553.4
2024-12-27,3397.29,3418.95,3388.32,3400.14,500488130,586090438939.4
2024-12-30,3395.4,3412.84,3394.96,3407.33,455262383,522245330169.5
2024-12-31,3406.97,3413.45,3351.76,3351.76,502731062,562584237431.1
2025-01-02,3347.94,3351.72,3242.09,3262.56,561375199,603340526739.8
2025-01-03,3267.08,3273.57,3205.78,3211.43,517592014,523159754706.6
2025-01-06,3209.78,3219.49,3185.46,3206.92,430978403,444188212831.1
2025-01-07,3203.31,3230.85,3190.46,3229.64,409660529,436388386572.0
2025-01-08,3218.86,3246.29,3175.72,3230.17,472864390,508148444863.7
2025-01-09,3220.72,3228.97,3205.91,3211.39,382943557,434445510330.2
2025-01-10,3211.71,3220.11,3168.52,3168.52,403663348,465939368047.4
2025-01-13,3148.83,3172.7,3140.98,3160.76,372742023,411773991803.5
2025-01-14,3165.16,3245.22,3159.43,3240.94,469212704,538983836002.5
2025-01-15,3234.72,3245.9,3222.24,3227.12,404723199,466216166943.7
2025-01-16,3239.03,3265.28,3217.1,3236.03,430655539,499055442444.4
2025-01-17,3226.76,3256.51,3219.77,3241.82,383599260,456553132960.4
2025-01-20,3256.15,3268.26,3238.12,3244.38,403337948,469741031397.5
2025-01-21,3256.83,3258.61,3229.07,3242.62,384583718,468263378897.7
2025-01-22,3235.49,3235.5,3203.38,3213.62,364817518,452312867431.3
2025-01-23,3237.6,3273.52,3229.57,3230.16,458246803,539800587226.6
2025-01-24,3222.88,3260.01,3221.71,3252.63,398653033,480685057973.2
2025-01-27,3256.61,3274.39,3250.6,3250.6,387467642,450231535760.3
2025-02-05,3270.16,3271.02,3220.28,3229.49,406388181,521103029344.4
2025-02-06,3226.58,3271.43,3225.85,3270.66,460842730,590421697753.9
2025-02-07,3269.23,3324.43,3262.51,3303.67,600558451,757613811179.4
2025-02-10,3308.04,3325.36,3299.24,3322.17,546589749,677038155519.9
2025-02-11,3323.67,3324.17,3304.44,3318.06,511943541,632166670870.5
2025-02-12,3312.26,3346.39,3310.39,3346.39,513437828,647387578503.4
2025-02-13,3343.23,3359.18,3332.48,3332.48,568631161,705799791954.1
2025-02-14,3328.48,3349.08,3322.53,3346.72,532332965,667555376411.5
2025-02-17,3355.42,3357.12,3333.19,3355.83,589546569,750113054935.2
2025-02-18,3348.98,3366.01,3314.3,3324.49,562679240,696798784144.3
2025-02-19,3320.78,3352.09,3320.58,3351.54,502912965,675146370379.5
2025-02-20,3347.59,3355.56,3338.03,3350.78,504357114,670099045657.4
2025-02-21,3356.69,3381.06,3339.03,3379.11,608190206,855656954773.5
2025-02-24,3374.08,3384.81,3355.87,3373.03,598188203,802847050067.8
2025-02-25,3345.65,3369.56,3337.84,3346.04,527578562,727509770070.1
2025-02-26,3351.21,3380.21,3351.21,3380.21,553992031,747887357857.5
2025-02-27,3378.45,3388.78,3353.57,3388.06,575815020,774059980112.0
2025-02-28,3374.66,3383.19,3318.72,3320.9,568319504,758054890359.3
2025-03-03,3328.4,3349.02,3304.59,3316.93,502417862,643980682981.8
2025-03-04,3300.5,3327.82,3297.53,3324.21,429996111,568728427190.7
2025-03-05,3324.7,3342.71,3314.15,3341.96,460952696,587767599799.6
2025-03-06,3353.57,3387.05,3348.68,3381.1,539992709,736438106671.7
2025-03-07,3373.18,3390.94,3363.93,3372.55,517663551,687879051004.4
2025-03-10,3373.26,3375.8,3347.19,3366.16,450380832,595026433923.3
2025-03-11,3335.44,3379.83,3334.83,3379.83,448468323,592285777947.1
2025-03-12,3385.69,3392.41,3370.22,3371.92,502195100,648501625854.2
2025-03-13,3371.09,3377.12,3341.12,3358.73,519013479,636211623471.0
2025-03-14,3361.69,3421.23,3360.61,3419.56,582663388,750041647163.9
2025-03-17,3430.81,3436.35,3422.46,3426.13,515685138,639349980361.1
2025-03-18,3434.57,3437.07,3423.3,3429.76,454916063,586338207325.5
2025-03-19,3424.17,3439.05,3414.59,3426.43,440316299,559970207906.8
2025-03-20,3425.22,3427.05,3404.66,3408.95,451630682,565607596558.8
2025-03-21,3401.76,3414.71,3355.84,3364.83,520862630,623164007297.2
2025-03-24,3364.83,3373.69,3340.24,3370.03,513310260,586745474406.0
2025-03-25,3370.0,3379.99,3361.05,3369.98,456357393,516435662209.0
2025-03-26,3365.67,3382.34,3365.67,3368.7,428533770,485185602278.8
2025-03-27,3362.71,3394.03,3351.17,3373.75,414776314,496457111680.0
2025-03-28,3372.04,3375.05,3346.08,3351.31,412284289,468807615343.1
2025-03-31,3343.34,3361.74,3317.74,3335.75,472571978,531475775844.1
2025-04-01,3340.71,3357.62,3338.78,3348.44,422588670,499415666019.2
2025-04-02,3344.17,3361.13,3343.12,3350.13,350127364,411666039517.9
2025-04-03,3319.61,3358.43,3319.61,3342.01,400517827,486510412986.4
2025-04-07,3193.1,3217.78,3040.69,3096.58,662199584,735367327481.5
2025-04-08,3094.26,3145.55,3085.12,3145.55,662242387,730166160654.7
2025-04-09,3110.01,3186.81,3070.08,3186.81,684797174,755430247444.1
2025-04-10,3227.84,3239.94,3201.57,3223.64,591208273,682356544755.6
2025-04-11,3219.51,3249.85,3211.35,3238.23,475531804,580791402193.7
2025-04-14,3251.98,3272.72,3244.73,3262.81,471373220,543811431533.9
2025-04-15,3260.69,3268.98,3246.34,3267.66,396662895,456332610419.5
2025-04-16,3267.67,3276.0,3233.79,3276.0,429534854,489200692651.5
2025-04-17,3261.72,3285.92,3258.15,3280.34,382012698,442596764018.0
2025-04-18,3270.35,3283.09,3262.39,3276.73,358836193,380313472554.0
2025-04-21,3273.14,3298.64,3270.01,3291.43,379307588,429391687759.8
2025-04-22,3289.17,3311.15,3288.33,3299.76,403167615,452675441997.0
2025-04-23,3308.15,3312.19,3293.06,3296.36,411633212,486209315161.0
2025-04-24,3295.15,3313.51,3286.24,3297.29,392844749,434706037225.2
2025-04-25,3300.39,3305.26,3288.75,3295.06,411043192,445417627332.6
2025-04-28,3292.06,3296.93,3279.88,3288.41,410665863,441916383127.0
2025-04-29,3281.45,3294.98,3277.63,3286.65,388961672,430881033503.5
2025-04-30,3284.08,3292.2,3277.55,3279.03,435794335,505572584224.8
2025-05-06,3295.25,3316.45,3286.99,3316.11,474369617,551825065624.5
2025-05-07,3354.97,3356.69,3324.81,3342.67,511159606,595230089056.8
2025-05-08,3331.21,3359.73,3327.9,3352.0,428377766,501611375480.2
2025-05-09,3350.41,3351.22,3335.13,3342.0,398909191,464862361533.5
2025-05-12,3352.97,3372.47,3344.27,3369.24,418239910,522080702357.3
2025-05-13,3386.23,3386.23,3370.25,3374.87,426240700,506608943780.3
2025-05-14,3374.24,3417.31,3368.08,3403.95,464934441,534872944626.8
2025-05-15,3398.43,3402.87,3378.02,3380.82,424100916,461292249433.7
2025-05-16,3374.71,3380.29,3356.66,3367.46,395401030,435647042664.2
2025-05-19,3365.88,3373.6,3356.65,3367.58,403074805,437177569219.3
2025-05-20,3371.69,3387.8,3369.96,3380.48,405544534,450290477203.2
2025-05-21,3380.21,3394.75,3380.21,3387.57,412496165,465956993372.1
2025-05-22,3381.87,3390.59,3376.23,3380.19,394217206,438334515335.4
2025-05-23,3376.87,3389.47,3348.37,3348.37,400227004,468587869621.5
2025-05-26,3346.56,3362.31,3336.36,3346.84,347562101,400526568362.5
2025-05-27,3346.5,3351.57,3332.49,3340.69,344071157,394408732880.1
2025-05-28,3341.85,3348.23,3336.73,3339.93,341555443,389341214708.2
2025-05-29,3340.4,3368.63,3337.42,3363.45,393233806,453741382170.8
2025-05-30,3358.81,3361.28,3341.65,3347.49,385602170,443358967722.6
2025-06-03,3340.07,3367.0,3340.07,3361.98,398060772,468292670251.0
2025-06-04,3363.39,3379.64,3363.39,3376.2,386494643,446844610692.2
2025-06-05,3378.22,3387.76,3371.15,3384.1,406252093,498241228900.9
2025-06-06,3384.29,3391.45,3379.76,3385.36,380122886,452743716106.4
2025-06-09,3388.78,3402.05,3383.07,3399.77,427347947,511879936968.4
2025-06-10,3402.01,3406.45,3365.67,3384.82,481618568,557427629004.8
2025-06-11,3385.46,3413.51,3385.46,3402.32,424090313,501807385818.0
2025-06-12,3397.97,3408.2,3388.87,3402.66,409490610,501624560637.2
2025-06-13,3397.48,3401.55,3370.59,3377.0,510065221,605384839391.2
2025-06-16,3369.37,3389.76,3368.88,3388.73,405383278,481594409526.3
2025-06-17,3388.18,3393.31,3376.42,3387.4,390012447,458038158678.3
2025-06-18,3386.14,3391.71,3369.99,3388.81,378684891,441011095449.0
2025-06-19,3384.29,3386.92,3353.94,3362.11,415327655,473258595431.1
2025-06-20,3358.91,3370.8,3357.71,3359.9,350223662,410873272619.8
2025-06-23,3349.46,3389.45,3347.65,3381.58,384561397,442789178469.5
2025-06-24,3380.08,3423.78,3380.08,3420.57,460963800,544882077636.6
2025-06-25,3419.09,3459.01,3417.41,3455.97,509384064,620173277605.0
2025-06-26,3451.72,3462.75,3446.19,3448.45,496541077,603095111896.8
2025-06-27,3450.69,3462.63,3421.04,3424.23,523129432,605731616257.7
2025-06-30,3423.47,3447.46,3420.11,3444.43,457348049,567137246034.1
2025-07-01,3445.85,3459.59,3441.04,3457.75,444356739,553556536157.1
2025-07-02,3458.17,3461.33,3447.96,3454.79,498116776,543130721694.1
2025-07-03,3456.15,3463.62,3446.97,3461.15,438543465,500211767756.2
2025-07-04,3459.59,3497.22,3455.49,3472.32,500195210,567241277895.0
2025-07-07,3467.98,3474.8,3462.79,3473.13,436631340,476197431422.8
2025-07-08,3474.63,3499.89,3474.63,3497.48,493484773,567506524760.7
2025-07-09,3498.72,3512.67,3491.2,3493.05,523920088,595962525111.9
2025-07-10,3491.5,3526.59,3491.5,3509.68,564159805,613160543948.2
2025-07-11,3511.37,3555.22,3506.8,3510.18,664185249,753549049070.7
2025-07-14,3513.25,3532.12,3513.25,3519.65,572084705,623102482278.4
2025-07-15,3519.81,3527.04,3483.38,3505.0,572074726,646851665146.7
2025-07-16,3502.9,3511.81,3489.14,3503.78,470878578,572419318650.3
2025-07-17,3500.37,3517.28,3499.19,3516.83,472211056,609791010257.6
2025-07-18,3519.48,3536.01,3518.23,3534.48,493484088,643627574928.6
2025-07-21,3542.82,3560.63,3542.57,3559.79,633649736,730905862905.4
2025-07-22,3561.63,3584.72,3547.25,3581.86,716155230,840573441871.1
2025-07-23,3588.88,3613.02,3577.59,3582.3,767672388,857045959534.1
2025-07-24,3578.91,3608.73,3577.11,3605.73,773265835,852239625256.5
2025-07-25,3604.45,3610.03,3586.22,3593.66,697189549,821609575947.0
2025-07-28,3594.23,3606.27,3582.15,3597.94,594187877,761265438432.3
2025-07-29,3595.81,3611.35,3585.94,3609.71,610642058,793606423704.5
2025-07-30,3608.35,3636.17,3593.73,3615.72,637221916,819627949113.9
2025-07-31,3604.7,3606.37,3562.61,3573.21,654509349,845893058058.2
2025-08-01,3568.26,3581.75,3550.04,3559.95,509563080,684645226021.3
2025-08-04,3547.16,3583.31,3547.16,3583.31,458573618,639775598456.7
2025-08-05,3588.81,3617.6,3586.97,3617.6,499797780,656382505101.8
2025-08-06,3615.81,3634.31,3613.99,3633.99,512467273,707221251607.5
2025-08-07,3637.78,3645.12,3622.52,3639.67,535501202,749699997336.3
2025-08-08,3634.85,3645.37,3625.45,3635.13,526407572,713569731141.5
2025-08-11,3637.05,3656.85,3629.63,3647.55,551393348,751329446777.5
2025-08-12,3647.96,3669.04,3647.96,3665.92,536623739,778161034248.2
2025-08-13,3668.66,3688.63,3666.55,3683.46,613528884,887022595719.3
2025-08-14,3685.52,3704.77,3662.57,3666.44,647829587,949464273623.5
2025-08-15,3659.81,3702.26,3658.38,3696.77,678521703,960624988909.0
2025-08-18,3712.5,3745.94,3702.38,3728.03,776016669,1133941943157.7
2025-08-19,3728.49,3746.67,3718.15,3727.29,696099750,1060899235668.4
2025-08-20,3716.68,3767.43,3704.99,3766.21,679836426,1017500164063.9
2025-08-21,3770.68,3787.98,3757.99,3771.1,691552959,997741900750.3
2025-08-22,3772.28,3825.76,3772.28,3825.76,698136277,1095091495710.2
2025-08-25,3848.16,3883.56,3839.97,3883.56,885474802,1360903869036.7
2025-08-26,3871.47,3888.6,3859.76,3868.38,734565305,1114187895250.2
2025-08-27,3869.61,3887.2,3800.35,3800.35,858633499,1326848744018.2
2025-08-28,3796.71,3845.09,3761.42,3843.6,788351947,1265185534195.1
2025-08-29,3842.82,3867.61,3839.21,3857.93,739462366,1221691851556.0
2025-09-01,3869.75,3879.05,3853.66,3875.53,747709536,1208347980856.1
2025-09-02,3877.09,3885.31,3828.68,3858.13,762618833,1222777663997.4
2025-09-03,3865.29,3868.39,3794.88,3813.56,645668510,1012296084003.2
2025-09-04,3807.76,3808.4,3732.84,3765.88,710227933,1107892043203.7
2025-09-05,3761.88,3817.16,3745.31,3812.51,626223380,979061710221.1
2025-09-08,3811.67,3833.14,3803.6,3826.84,660066898,1025883749952.0
2025-09-09,3816.66,3834.67,3791.72,3807.29,600239380,917795306225.7
2025-09-10,3806.58,3827.0,3794.06,3812.22,534539825,821113584522.2
2025-09-11,3806.06,3875.31,3796.43,3875.31,617012930,1016794001382.1
2025-09-12,3875.51,3892.74,3866.54,3870.6,700641784,1093807300663.5
2025-09-15,3876.1,3879.74,3855.97,3860.5,644793944,986171993940.4
2025-09-16,3865.98,3876.69,3838.65,3861.87,673439723,989786137921.6
2025-09-17,3854.07,3882.67,3848.95,3876.34,663434713,1006679080914.2
2025-09-18,3876.06,3899.96,3801.0,3831.66,876027389,1365962423640.1
2025-09-19,3830.44,3843.17,3811.9,3820.09,682292613,1016348310666.0
2025-09-22,3822.01,3831.74,3806.2,3828.58,568325686,941799982064.9
2025-09-23,3830.14,3838.61,3774.53,3821.83,701902868,1071697826138.1
2025-09-24,3804.48,3854.92,3804.33,3853.64,602056670,1015707870454.7
2025-09-25,3852.43,3866.11,3840.46,3853.3,589950531,1001211369113.8
2025-09-26,3839.86,3856.61,3828.11,3828.11,551275335,927864903416.8
2025-09-29,3828.17,3881.0,3809.54,3862.53,608466399,968212397572.1
2025-09-30,3869.7,3887.57,3866.28,3882.78,569734631,973274951648.6
2025-10-09,3898.31,3936.58,3885.74,3933.97,725218501,1216888716062.2
2025-10-10,3915.48,3933.01,3886.31,3897.03,718917673,1132127151734.5
2025-10-13,3800.11,3895.83,3800.11,3889.5,709506101,1085413591325.5
2025-10-14,3910.78,3918.44,3851.12,3865.23,800839631,1209983827683.7
2025-10-15,3867.54,3912.29,3857.67,3912.21,645012955,961552165635.2
2025-10-16,3900.68,3931.05,3899.17,3916.23,595451491,869264580464.7
2025-10-17,3912.04,3921.06,3835.36,3839.76,617563018,873181597948.6
2025-10-20,3865.55,3877.72,3850.37,3863.89,549261712,772503219631.8
2025-10-21,3870.75,3919.32,3868.15,3916.33,599415713,837938398314.8
2025-10-22,3896.07,3918.59,3893.33,3913.76,543117344,741524798446.6
2025-10-23,3904.16,3926.22,3877.53,3922.41,565189264,718931051972.4
2025-10-24,3929.12,3950.31,3928.96,3950.31,567858443,858491253210.7
2025-10-27,3969.22,3999.07,3963.1,3996.94,637589545,1043404043203.5
2025-10-28,3986.89,4010.73,3976.83,3988.22,577357684,940760864469.3
2025-10-29,3990.27,4016.33,3986.94,4016.33,612917466,968215713263.9
2025-10-30,4007.82,4025.7,3984.83,3986.9,668485609,1070058589394.8
2025-10-31,3985.06,3986.74,3951.73,3954.79,675615406,1031104616829.4
2025-11-03,3954.08,3977.31,3937.02,3976.52,641245945,941703699263.6
2025-11-04,3973.46,3985.88,3938.52,3960.19,615493792,852938368429.6
2025-11-05,3922.58,3979.75,3922.58,3969.25,614991618,827133576949.8
2025-11-06,3973.35,4008.8,3973.35,4007.76,627367547,930275554354.8
2025-11-07,3994.32,4012.01,3993.69,3997.56,596507034,875486746391.1
2025-11-10,4001.79,4018.7,3990.84,4018.6,634049993,960588645762.4
2025-11-11,4023.88,4024.94,3991.52,4002.76,581994921,858362142552.7
2025-11-12,3996.56,4020.38,3980.68,4000.14,586193228,840467209890.1
2025-11-13,3996.51,4030.4,3994.77,4029.5,613031061,876400923596.7
2025-11-14,4007.13,4034.08,3990.31,3990.49,622017118,837969502203.3
2025-11-17,3988.56,3992.4,3958.95,3972.03,592017950,805733125739.0
2025-11-18,3962.44,3966.89,3926.59,3939.81,594411046,790948598391.3
2025-11-19,3937.92,3960.05,3930.07,3946.74,531149601,720908759223.9
2025-11-20,3960.7,3967.97,3927.51,3931.05,534749540,711341284004.3
2025-11-21,3896.66,3912.01,3834.75,3834.89,631646251,824931134789.7
2025-11-24,3848.66,3854.33,3816.58,3836.77,504601716,715539247360.9
2025-11-25,3850.57,3882.03,3845.14,3870.02,478727611,722788782819.5
2025-11-26,3867.43,3879.92,3861.18,3864.18,457589755,701019872528.9
2025-11-27,3867.2,3895.59,3864.13,3875.26,444021947,698519107248.5
2025-11-28,3870.94,3888.89,3856.25,3888.6,449931973,645755815104.9
2025-12-01,3894.21,3914.46,3890.95,3914.01,537554133,785658341860.2
2025-12-02,3908.46,3908.77,3888.33,3897.71,455584494,627440672462.5
2025-12-03,3894.16,3901.7,3869.95,3878.0,485617270,647166528203.2
2025-12-04,3879.74,3888.86,3859.05,3875.79,445040290,623712571515.4
2025-12-05,3873.12,3907.78,3863.31,3902.81,500368768,716742448877.0
2025-12-08,3909.23,3936.31,3904.74,3924.08,547349789,839439003433.4
2025-12-09,3916.51,3923.9,3902.13,3909.52,524538256,781160399409.0
2025-12-10,3901.13,3906.12,3876.47,3900.5,497331504,730359828445.1
2025-12-11,3903.89,3904.96,3862.82,3873.32,525658600,764350151578.5
2025-12-12,3869.41,3891.81,3850.6,3889.35,573947130,909950905460.9
2025-12-15,3865.4,3896.98,3863.63,3867.92,500922790,764604815504.0
2025-12-16,3861.51,3862.43,3815.84,3824.81,512494827,733294004020.4
2025-12-17,3822.51,3881.75,3818.0,3870.28,512313692,766820526342.6
2025-12-18,3857.26,3888.29,3856.42,3876.37,461172625,704895595179.1
2025-12-19,3878.23,3902.67,3871.78,3890.45,513511893,738066004815.6
2025-12-22,3900.54,3920.01,3900.52,3917.36,522938992,789756386752.3
2025-12-23,3919.11,3937.13,3910.74,3919.98,521156952,806853443041.0
2025-12-24,3920.35,3947.04,3912.31,3940.95,474896447,773928624467.6
2025-12-25,3937.72,3964.07,3936.08,3959.62,469313093,785018650091.1
2025-12-26,3957.83,3977.71,3945.52,3963.68,555489592,893644363934.7
2025-12-29,3964.65,3983.98,3956.95,3965.28,563687197,903819726764.6
2025-12-30,3947.87,3979.99,3947.42,3965.12,525932588,887533318588.4
2025-12-31,3968.73,3977.54,3955.49,3968.84,490751490,829511897494.9
2026-01-05,3986.97,4025.26,3983.58,4023.42,596950455,1067334169201.5
2026-01-06,4026.02,4083.67,4025.09,4083.67,702472270,1175768705035.0
2026-01-07,4083.84,4098.78,4069.44,4085.77,683384352,1197422798276.7
2026-01-08,4077.72,4093.87,4067.12,4082.98,666131337,1183188755951.4
2026-01-09,4086.76,4121.72,4083.62,4120.43,729837985,1289205972263.2
2026-01-12,4134.89,4168.36,4119.88,4165.29,839456089,1446230122005.3
2026-01-13,4169.7,4179.7,4126.23,4138.76,868382717,1481574218613.4
2026-01-14,4138.65,4190.87,4103.62,4126.09,952551289,1607041237767.9
2026-01-15,4106.22,4133.07,4096.85,4112.6,680250791,1175915097396.1
2026-01-16,4127.06,4140.23,4091.81,4101.91,763588465,1338017280024.0
2026-01-19,4090.72,4126.52,4090.06,4114.0,688905870,1190137813599.0
2026-01-20,4116.37,4128.93,4080.29,4113.65,734362496,1221485626208.5
2026-01-21,4103.53,4135.96,4103.53,4116.94,666989507,1180184557006.2
2026-01-22,4126.07,4140.84,4109.92,4122.58,709695409,1201764210237.4
2026-01-23,4130.11,4143.75,4120.2,4136.16,782115454,1336857054837.6
2026-01-26,4144.78,4160.99,4124.7,4132.61,887439731,1451859840027.3
2026-01-27,4125.22,4158.8,4101.83,4139.9,754990869,1289432378945.4
2026-01-28,4150.22,4170.15,4138.02,4151.24,823026748,1365526057112.0
2026-01-29,4155.92,4170.21,4138.3,4157.98,905908371,1485795395416.2
2026-01-30,4131.99,4152.85,4064.78,4117.95,804342746,1269855689027.9
2026-02-02,4079.71,4103.41,4013.66,4015.75,732953698,1163532654161.8
2026-02-03,4043.91,4069.42,4002.78,4067.74,637684249,1110720213016.3
2026-02-04,4064.68,4104.62,4062.68,4102.2,674254244,1063544769928.3
2026-02-05,4075.03,4088.9,4048.94,4075.92,596722236,946988891270.6
2026-02-06,4040.3,4095.03,4029.97,4065.58,556709801,898655032959.0
2026-02-09,4103.54,4123.16,4093.06,4123.09,572632582,949726335965.8
2026-02-10,4127.77,4134.34,4117.56,4128.37,524620969,882201747043.8
2026-02-11,4124.43,4142.56,4122.43,4131.99,500685278,822607547250.8
2026-02-12,4136.99,4140.59,4124.13,4134.02,529370116,897955034838.8
2026-02-13,4115.92,4123.84,4079.77,4082.07,500799472,846808337462.1
2026-02-24,4129.13,4131.55,4105.94,4117.41,566322249,938611375999.8
2026-02-25,4123.78,4167.84,4122.7,4147.23,724787214,1085969561174.1
2026-02-26,4151.07,4152.19,4127.15,4146.63,651702826,1067198717434.1
2026-02-27,4128.9,4166.23,4128.36,4162.88,682047646,1072367831609.8
2026-03-02,4151.8,4188.77,4131.37,4182.59,861579218,1345892469395.2
2026-03-03,4189.41,4197.23,4116.01,4122.68,921139170,1425790202336.2
2026-03-04,4087.63,4106.04,4055.41,4082.47,765169531,1113081986077.5
2026-03-05,4109.78,4125.62,4090.62,4108.57,689746535,1068043734805.0
2026-03-06,4085.9,4129.46,4085.9,4124.19,646765760,978805927053.9
2026-03-09,4098.7,4106.53,4052.55,4096.6,797803556,1194106193208.4
2026-03-10,4098.59,4123.96,4098.59,4123.14,674922194,1036427205293.4
2026-03-11,4123.67,4135.84,4112.8,4133.43,707727169,1063600874394.3
2026-03-12,4133.2,4141.65,4103.16,4129.1,786151182,1078215329773.1
2026-03-13,4117.57,4134.08,4086.85,4095.45,792054764,1063918169396.4
2026-03-16,4092.25,4096.13,4048.09,4084.79,732227098,1037223833962.6
2026-03-17,4086.3,4108.4,4049.58,4049.91,678771224,951228129260.7
2026-03-18,4053.31,4065.37,4023.03,4062.98,623873102,876327491359.6
2026-03-19,4028.54,4042.02,3994.17,4006.55,667255422,935264956106.7
2026-03-20,4004.57,4022.7,3955.71,3957.05,666798387,964863108628.7
2026-03-23,3904.95,3906.62,3794.68,3813.28,804738850,1086248286013.6
2026-03-24,3849.63,3881.42,3807.99,3881.28,680622039,931418842711.4
2026-03-25,3892.27,3933.06,3891.82,3931.84,688343626,967854261244.5
2026-03-26,3924.96,3937.1,3880.57,3889.08,615973981,848361335072.3
2026-03-27,3852.09,3924.11,3852.09,3913.72,561342963,799696430885.6
2026-03-30,3884.28,3924.29,3872.78,3923.29,595589479,839822434665.3
2026-03-31,3924.07,3948.81,3891.86,3891.86,606704983,891945339553.7
2026-04-01,3939.57,3955.94,3929.92,3948.55,564611598,897278213909.0
2026-04-02,3940.8,3952.58,3900.12,3919.29,544212835,811896566971.7
2026-04-03,3927.59,3929.53,3871.3,3880.1,492699082,713830332060.1
2026-04-07,3884.15,3902.61,3875.68,3890.16,473615076,723905837261.2
2026-04-08,3930.25,3995.0,3926.25,3995.0,644135352,1074211701270.4
2026-04-09,3967.63,3979.13,3955.25,3966.17,541569801,902481840100.8
2026-04-10,3985.46,4011.02,3979.81,3986.22,546415541,955664107213.6
2026-04-13,3971.2,3991.26,3966.2,3988.56,545781768,919436481788.0
2026-04-14,4006.73,4026.63,3992.41,4026.63,570259003,998435132019.7
2026-04-15,4039.47,4050.62,4020.9,4027.21,569458589,1028851871452.4
2026-04-16,4030.14,4057.83,4028.91,4055.55,545876967,976565489654.5
2026-04-17,4043.38,4058.6,4038.43,4051.43,548791406,1013520660231.1
2026-04-20,4053.37,4083.19,4051.69,4082.13,589841379,1084578006427.0
2026-04-21,4075.85,4080.93,4062.13,4068.57,233328581,436584079084.3
